id,author,rating,title,content,version,date,country,platform,vote_count
eca72a37-24a4-4b8b-9034-48189252e09a,Rev. Charles Mayfield,1,,all the monopoly and subscription you can't print unless you are paying a monthly subscription,20.2.0.6076,2026-01-21T16:51:02,us,Google Play,0
caf94273-1d96-414e-98fe-50d55d42bd1f,Robert Szoke,2,,poor instructions for a novice.,20.2.0.6076,2026-01-21T14:57:45,us,Google Play,0
45057e74-2e37-4cbb-bbd6-df72e064a66b,Carl Spector,2,,"EPSON Eco Tank, you guys!! Best upgrade ever! I've always been an HP guy, but ink was always running out & this horrible app wasn't connecting to my new phone. So I got the refillable ink Epson printer and have printed literally hundreds of pages and the ink has barely went down! Sure it's not cheap to buy but it's going to last forever! Best decision I've ever made regarding printing. Just wanted to share the solution. Goodbye HP!",20.2.0.6076,2026-01-21T13:03:32,us,Google Play,0
7b88087d-fc54-40ad-93ec-83689b4244ae,Eric Greene,5,,awesome app üíØ,20.2.0.6076,2026-01-21T12:12:43,us,Google Play,0
98a35d71-116b-4d21-8665-72b822b4b387,Tristan Tripp,1,,"won't print in color all the sudden, despite color settings on and plenty of ink",20.2.0.6076,2026-01-21T11:40:05,us,Google Play,0
602f9874-0ddc-4343-94f5-f675c900a35d,Joshua Simpson,1,,Can't print because I need a subscription to use my ink cartridges? what,20.2.0.6076,2026-01-21T11:14:54,us,Google Play,0
ffe5bb53-dfe6-4701-828b-ea3dad467a0f,AudE G.,2,,"printer goes to sleep and does not wake up unless I physically turn off power and turn back on. it gets really frustrating! I like hp print service, except it doesn't read my ink correctly.",20.2.0.6076,2026-01-21T10:14:13,us,Google Play,0
a07ae1d2-36ae-4181-98a4-36494967501f,Manish Joshi,1,,okok,20.0.1.5732,2026-01-21T09:23:02,us,Google Play,0
1addd3be-45f5-4d21-aacc-f4974ce30c08,hugo,5,,muy facil de usar y hace todo lo que una imprimidora grande aria y tdo funciona muy bienüëç,20.2.0.6076,2026-01-21T08:19:46,us,Google Play,1
68ab51fe-cf1c-43cd-af4c-a8e3d8c9147c,Amor Fronda,2,,after update printer cant be connected and the app was slow,20.2.0.6076,2026-01-21T05:02:56,us,Google Play,0
66999a3e-0ab9-47e3-9d7a-3fdfeab04143,Sarica Parton,1,,"Can't even finish the setup process as these clown engineers didn't format this app correctly for android. You can't scroll down to accept the stupid Ts&Cs and without accepting, you can't complete setup. SO DUMB. Also - WHY would I want to control the usage and setup of a PRINTER I am using with my COMPUTER from my PHONE!!!??????!!! This is just asinine. Taking it back.",20.2.0.6076,2026-01-21T00:16:09,us,Google Play,0
0b42160f-307a-46f8-b648-69bc2d96d226,Raul Orlando Edwards,1,,Just got this printer and the app is simply horrible. Returning the printer to get a better and easier brand and logical app! Zero star was not an option so gave it one star.,20.2.0.6076,2026-01-20T19:14:53,us,Google Play,0
221220ae-78ec-41ca-8528-bde3457d16e1,Voli,1,,app takes long time to work and connect with my printer!!! 3 hours to get it connected! hard to use,20.2.0.6076,2026-01-20T16:43:35,us,Google Play,0
ade84473-9081-4c55-827a-8501e9c9c35d,Julie Jamaica,5,,It's very reliable and provides clean scans.,20.2.0.6076,2026-01-20T16:24:36,us,Google Play,0
f3efdf02-34f9-4d95-a04b-efb9639bc54d,Peytrienna Davis,5,,I really enjoy using HP Deskjet printer,20.2.0.6076,2026-01-20T15:35:04,us,Google Play,0
8f6c2ed0-4824-49f3-843e-e84e53a4545e,Edsel,5,,it is not so easy,20.2.0.6076,2026-01-20T15:09:55,us,Google Play,0
ec2902f6-1373-48ad-a51a-dbfbcc4daa7c,Danny Dunne,1,,never responded üòí won't open,20.2.0.6076,2026-01-20T14:53:56,us,Google Play,0
9d640745-ad46-4ea4-9f04-dda6d6365bd9,Peggy Marshall,5,,great,,2026-01-20T14:35:54,us,Google Play,0
663302d9-aadd-4bc4-a47e-601f12f7d1c9,Trina Harris,1,,it doesn't navigate like the old app. more simpler.,20.2.0.6076,2026-01-20T14:00:08,us,Google Play,0
50bea3d5-87cf-49ee-a9d8-661d639e0d84,Steve Easterby,1,,"shocking, trying to set a new printer up on a Samsung tablet and phone. A deskjet 4200e. the whole process is farcical can't connect, then when you finally connect to the printer, your unable to complete the set up as it gets stuck after you put the pin in. Just says checking printer status even after trying to refresh. so far it's taken an hour and half. Think you really need to up your game HP!",20.2.0.6076,2026-01-20T13:01:25,us,Google Play,0
3800cba5-15dc-4874-a0e7-4ee0ffe52646,Kathryn Lynn,3,,"I don't use my phone to print anything usually but today it was necessary. I had an issue getting to my normal printer dashboard and fumbled around a bit. I finally figured it out but became a bit flustered in the process. Ease of use on my phone was the deciding factor of the 3 stars, otherwise you're worth 5.",20.2.0.6076,2026-01-20T09:34:09,us,Google Play,0
74009b87-9ee4-41c0-b76f-92a0ec5a20ed,Kayla Kaltenbaugh,1,,"Awful NOT USER FRIENDLY. Why in the heck is it so difficult to change the wifi on your printer? ""OH, just go in the app. It is SUPER easy."" Bold LIES. Where is the easy? At this point I've got a useless printer and will be switching brands just because you absolute demons make it impossible to change the wifi.",20.2.0.6076,2026-01-20T08:14:22,us,Google Play,0
18b921a5-be74-4e13-a77b-8573ece0e7f9,Bobby Dogan,5,,Great Printer,20.2.0.6076,2026-01-20T07:53:16,us,Google Play,1
e2360dd6-512a-4ef2-ac07-f33143616552,M/s: Mona Enterprise,5,,good,20.2.0.6076,2026-01-20T06:32:54,us,Google Play,0
1d86ed2b-295b-41a8-aff1-a438a6536151,Maurice Brown,5,,good,20.2.0.6076,2026-01-20T05:37:15,us,Google Play,0
38e2a620-6a2d-4c3e-bc11-28a35f3a69e6,Divyanshu Singhania,5,,"Best one of the app for all brands printers just one small thing missing that manual or auto duplex option, which provide by noko print app",20.2.0.6076,2026-01-20T05:12:12,us,Google Play,0
ef67cb79-5daa-4003-8d4a-e52230c53878,Arslan Irshad,4,,app is good but slow. It process scanning slowly,20.2.0.6076,2026-01-20T02:12:42,us,Google Play,0
f6bf65bf-8d7c-4d47-8e38-c231fb506003,Amit Classes,5,,suppperb,,2026-01-19T23:51:45,us,Google Play,0
51592b2c-230f-4e75-bb8b-ba8bd9ce4cf2,Lynn Rank,2,,duh? .,20.2.0.6076,2026-01-19T18:26:58,us,Google Play,0
1304168c-b164-44db-a6b1-56cede3a3402,Derek Rosol,1,,terrible app. terrible printer. always goes offline,20.2.0.6076,2026-01-19T18:02:48,us,Google Play,0
bab6c75c-c18f-42cb-b430-6017bf3c4bce,Audrey Moore,1,,this app has and bug,20.2.0.6076,2026-01-19T17:38:21,us,Google Play,0
35696936-d6d3-47e5-8b46-16b96ddadc98,Malika Payne,5,,@very difficult!,20.2.0.6076,2026-01-19T12:00:50,us,Google Play,0
c826ad59-ab67-4131-a307-0472696e086b,Beverly Frierson,5,,good and easy yo install,20.2.0.6076,2026-01-19T10:49:56,us,Google Play,0
d0e61dff-1468-47e1-878c-50d7db23444c,Dr. Govarththanan,5,,good app,,2026-01-19T09:59:22,us,Google Play,0
5ab582e1-f573-461f-85d6-01eba7c596c8,William Breil,1,,new app does not allow full access to scan and copy functions. What kind of upgrade is this.,20.2.0.6076,2026-01-19T09:21:22,us,Google Play,0
347c1627-5534-45a7-a055-787c7c02b8be,Billy Randolph,1,,trying to hook up my WIFI to my envy6000printer on my Chromebook laptop computer it started out working then quit ! try to reset it back upa ndthe app is no longer useWht the hay do I do with this useless printer,18.10.0.5530,2026-01-19T07:32:32,us,Google Play,0
703bb398-957d-4ca5-a2f5-08a154bdadc7,Lupe Pena,5,,awesome,20.2.0.6076,2026-01-19T07:01:44,us,Google Play,0
ce59eb36-c77b-48b6-a24c-b1db60524233,Callum V,1,,"Very poor quality app, has turned me away from HP products entirely. It's overcomplicated and seems to do anything but let you print. Every time I use it it's forgotten who I am, and it tries very hard to trick you into signing up for unnecessary subscription services.",20.2.0.6076,2026-01-19T05:43:42,us,Google Play,1
69f69ba2-7d11-458d-8f34-162410760611,Cristian Javier Becerra Diaz,1,,"esta aplicaci√≥n es lo peor que han podido hacer, la impresora solo se puede configurar si tienes la aplicaci√≥n y actualmente tengo un problema para iniciar sesi√≥n a pesar de ingresar bien mis datos de usuario y simplemente me aparece que hay problemas y no puedo ni ingresar ni imprimir ni nada de nada... felicidades por tan nefasto ecosistema Hp",20.2.0.6076,2026-01-19T05:07:28,us,Google Play,1
c8ed5e7c-bc2d-41e6-9caf-e6edb3fe7e29,shruthi a,1,,"lag, slow loading",20.2.0.6076,2026-01-18T23:21:09,us,Google Play,1
01d887a3-e5d2-4598-a49a-1ac524050f7d,Radhakanta Pradhan,5,,this is conection very easy,,2026-01-18T17:36:09,us,Google Play,0
39e18ed6-849e-482f-954b-0818976bde5d,Randall McGee,5,,not easy,20.2.0.6076,2026-01-18T17:15:53,us,Google Play,1
fbf276c6-2e53-48a9-9e95-60efa21b62ae,Hamid Riaz,2,,"App works fine but new UI landing page doesn't actually show any printer functionality.you have to scrol down the page or tap an icon, to do something. Very unintuitive.",20.2.0.6076,2026-01-18T12:49:50,us,Google Play,1
109aefc5-94f1-4f41-8849-eb037652b8d5,Martell Fowler,1,,"I can't do anything from this app. I just spent 45 minutes trying to print 2 pages of a document. 2 pages!!! and in the end, I still have not gotten this app to work for me.",20.2.0.6076,2026-01-18T12:10:06,us,Google Play,2
db61ca3e-cfdf-4153-9bb5-1b3abc9c63b0,Tom Grabo,1,,with the new updates I can no longer connect to my printer. ridiculous.,20.2.0.6076,2026-01-18T09:05:51,us,Google Play,2
4ab44bf8-4e9c-4892-a69c-875c65007725,Ian Davies,1,,rubbish. printer won't talk to new router and app just keeps asking you to join a plan. I just want to print a chuffin document for heavens sake.,20.2.0.6076,2026-01-18T05:51:26,us,Google Play,1
f634b99b-e98c-4d7a-bf10-ef0c97fdd481,Nhat-Thanh Kim,1,,"why do i need location, bluetooth, and other random nonsense permission for this to connect my printer in my own house.",20.2.0.6076,2026-01-18T05:31:47,us,Google Play,1
8f87f926-bf39-4f24-9088-9abeb7d7fdb6,Mari Milliam,5,,very effective,20.2.0.6076,2026-01-18T04:48:23,us,Google Play,0
243384a1-f9f9-4536-81e2-37107ab25dc7,Hema Latha Nadendla,1,,it is not at all good,20.2.0.6076,2026-01-18T04:08:08,us,Google Play,1
6b499bc4-77a7-4c9d-a174-e198ee62a248,Tom Pinchuk,1,,Not easy to scan. stupid warning messages on printer if I'm not logged in. HP has overcomplicated printing and scanning.,20.1.2.5988,2026-01-18T02:58:05,us,Google Play,0
c68c43b9-7de2-435c-bf4a-3f143ca7dfab,Siti Shazirrah,1,,Not helped,,2026-01-17T22:07:53,us,Google Play,0
c18e8b9a-4da3-4c64-94e0-4c6ca34ff5f0,James Mckay,1,,"absolute shite ! Incredibly complicated, unnecessarily protracted installion process ... Very poor punter / printer interface .... could not be more user unfriendly even if it was specifically designed to be so ! A complete waste of time to use ~ expensive, incompetent electronic junk ...üò±",20.2.0.6076,2026-01-17T21:22:45,us,Google Play,1
cfd4fdd2-ab1d-404f-bb05-fd69f76b1662,Dave Nicolai,2,,"2 stars because it does technically allow me to scan and there are no Android alternatives for my HP AIO. This app is more of an advertisement/upsell effort by HP than a print & scan app. Close all the ads? They all come back seconds later. Also, why do I need to login to an HP account to use a 15+ year old device sitting on my own desk? Why can't I scan at 600dpi or greater? Before installing, check to see if your device is supported by the ""Mopria"" app so you can hopefully steer clear of this.",18.10.0.5530,2026-01-17T20:04:55,us,Google Play,0
f8d10387-d221-4f76-abae-a94d856e4eee,Kopil Kaiser,5,,"Convenient, useful, and helpful. I am using this app from 2018. It is one of the best mobile scanning documents to convert your physical documents to jpeg or pdf. It has never failed to impress me. It is also packed with superb functionalities to use your HP printer. Everything can be done from this HP Printer Smart app. Highly recommending it to anyone willing to get a scanning document app or if you are buying a HP printer on 2026, you will definitely need this app to setup your HP printer =)",,2026-01-17T17:40:00,us,Google Play,0
a8b608bb-e4e3-4ac1-bd9a-dd5838be5593,Alex V,1,,asks for sign up...,20.2.0.6076,2026-01-17T16:57:52,us,Google Play,0
00a569a7-bf61-4da5-b2fc-06d28de33f1c,Alan Johnson,1,,"It was a massive pain from the beginning. Why does it only use 2.4Ghz? After eventually getting it connect I find out that I can't even scan without creating an account. HP why do I have to create an account to use my freaking printer?! I don't want you collecting my data just to sell it to 3rd parties. All of these trash restrictions that are called features is ridiculous. What happened to being able to get a simple, no wifi printer that I can just connect via usb and use as I please?",20.2.0.6076,2026-01-17T14:30:44,us,Google Play,1
2881080f-55cc-4137-a443-d471625a91bd,Mr. Salem,1,,Dumb usless product,20.1.0.5822,2026-01-17T13:04:10,us,Google Play,0
a6e7d89e-f8a6-43b1-954f-5b88549f7548,Jennine Thigpen,1,,"so far, TOTAL EPIC FAILURE",20.2.0.6076,2026-01-17T12:35:46,us,Google Play,0
5e5a5939-f9c0-4034-b38d-5562f5bb5b82,Richard Osborne,5,,very easy setup great printer,20.2.0.6076,2026-01-17T11:48:42,us,Google Play,0
e1255807-2090-4e61-ad02-4f55f09e20b0,Garold Newbold,1,,Not helpful. Instructions not clear. Cannot get a support person on the phone,20.2.0.6076,2026-01-17T10:28:28,us,Google Play,0
02e22eae-6617-46c1-b8fa-2727cd3f98f1,Omer Alking,1,,"worst app and worst printer the app is really slow, always takes you to the website and you have to sign in every time you have to anything",,2026-01-17T10:17:03,us,Google Play,0
499ec6be-575d-4339-a38c-f671c7b1b6e4,Athanasios Koulis,1,,Awful experience trying to print an insurance certificate needed for the next day. HP printers have now become almost useless and HP is not interested at all in its customers. Difficult to recommend them any more.,20.2.0.6076,2026-01-17T08:54:57,us,Google Play,0
6e4f8090-7e64-41a4-ab30-d94e841d95c7,rkmurugan rkmurugan,5,,Good,20.2.0.6076,2026-01-17T07:17:23,us,Google Play,0
52ec9dc6-5d46-48ad-889d-a190ee650ce1,James Walton Parrish Jr.,5,,wonderful app has lots of expansion it allows you to take a simple document and put it into your phone to the scanner on the printer or take things off of your phone and put them into something else it allows things to go back and forth between the printer and the phone or tablet you know it'll allow you to take and scan things that you can put into an email from the scanner it'll allow you to take things off the net forms it is the one most wonderful app I've got 2026,20.2.0.6076,2026-01-17T04:13:31,us,Google Play,0
1dfd8cd3-4697-41a3-afaf-6ae40eb54afd,Cheryl Graham,1,,Trying to add my printer after installing a new router and the app just crashes every time. The printer is now just an expensive lump of nothing as I can't connect using my phone and I don't have a PC.,20.2.0.6076,2026-01-17T03:20:38,us,Google Play,0
531ae58c-8e20-4600-98a1-9d6172ea1323,Michael O,1,,Useless!,,2026-01-16T20:08:21,us,Google Play,0
21067246-627f-4b44-810e-0f01e16f4edc,MAKIYO LLC,1,,sucks,20.2.0.6076,2026-01-16T18:28:31,us,Google Play,0
88cb771b-9677-4d7d-8a0a-318b3e408523,Lauren Christians,1,,very difficult to use. often prints the wrong page. cancelling the print job just delays it. I wish I could just print from the PDF viewer.,20.2.0.6076,2026-01-16T14:17:03,us,Google Play,0
5ee182a7-7d44-4c4c-a9b2-9dcde03e46c0,Maruchan,1,,I can't scan documents with my printer anymore,20.2.0.6076,2026-01-16T11:24:14,us,Google Play,0
2f7c1953-2aa7-45fe-99b0-7255adfb7d86,Simon James Finch,3,,"I connect via WiFi and App is very intermittent by phone... I only see my ink levels about 1 in 50 times I connect... Initially I moaned about tablet support (as with tablet connected to WiFi then it can't connect to printer) but actually tablet is much better... Connect tablet to WiFi, Open HP app, Login & when printer appears, Switch tablet to printer... This always seems to work & I can finally Scan reliably. Still not perfect as Print Dashboard needs internet so that doesn't work :(",20.2.0.6076,2026-01-16T11:01:19,us,Google Play,0
516c0f65-9d06-4dbf-b975-074aad235373,Macaulay Obodo,5,,very good,20.2.0.6076,2026-01-16T10:49:56,us,Google Play,0
7dcb32e7-cb26-40ec-a1e3-dee0199a2d66,Anand Pandya,1,,awful,20.2.0.6076,2026-01-16T08:58:30,us,Google Play,0
6a9934bd-1e97-4260-b4ff-584dd2c4f304,Ye boi,1,,I can never get my printer to connect and it pmo.,20.2.0.6076,2026-01-16T08:56:30,us,Google Play,0
c252f725-0999-419a-a769-0ec906a0fc84,Justin McLendon,1,,sucks,20.2.0.6076,2026-01-16T07:16:38,us,Google Play,0
c3896d12-1b77-48bd-a5ea-2cb4922de031,Alex Chaney,1,,anti-consumer practice that locks the printer behind using specifically HP ink. I got my account locked for for buying third party ink and trying to use that. I will never purchase from the HP brand again.,20.2.0.6076,2026-01-16T06:54:56,us,Google Play,2
b13e8db6-8766-4736-8758-af10fb60ee1a,F,2,,"I tried to use this app to just print something via my phone quickly. It first allowed me to use the app as a guest. It autodiscovered my printer (on the same network) easily enough, and yet when I went to print something I was required to sign in. No HP, I'm not going to create an account with you to use my own local printer. Would've been 1 star but it did actually autodiscover the printer instantly. Props to the dev that built that feature.",20.2.0.6076,2026-01-16T05:27:17,us,Google Play,2
37e11b3c-f653-4559-8188-c2cb17fccfd4,Wilma Bohage,1,,Terrible.,20.2.0.6076,2026-01-15T21:00:56,us,Google Play,0
a6b3bfda-8b03-45a6-ac7a-d02a36b10d61,gaurav jalan,3,,Kindly add double side /two sided printing option to save pages.,20.2.0.6076,2026-01-15T20:58:11,us,Google Play,0
78c377dd-8fa2-4577-a3e9-44b90f6f0686,carmen ramirez,1,,"I'm trying to print my second single page in many mouths and my printer requested to print the alignment 3 times, after printing 3 times a white page (I mean just didn't print) it started just not printing at all... I just added a new cartridge, the printer is in good condition..... ah, but they charged me for the alignment prints and suggested me to buy a monthly plan since I am printing so much. the AI customer service doesn't understand what is my problem (doesn't have this options).",20.2.0.6076,2026-01-15T17:28:40,us,Google Play,2
3e7c6e1c-296d-4f70-89fe-b51eef642795,J'sgirl Always,1,,my printer reads not available yet wifi is operating on my phone and TV. so I don't know what the problem is but I'm quite frustrated.,20.2.0.6076,2026-01-15T17:18:35,us,Google Play,0
ea924bc5-8bbf-4e6c-83bb-2188f03227ce,Tigerglory,1,,i should not need an app to use a printer,,2026-01-15T15:36:55,us,Google Play,1
7007e5b8-3fcf-4c5d-939d-86257e00188f,Joshua Benjamin,5,,trial,,2026-01-15T14:39:25,us,Google Play,0
7f6e0303-50fd-439a-893b-0217a6313377,Nongwadla Celeshe,5,,just the best app for use,20.2.0.6076,2026-01-15T12:44:02,us,Google Play,0
f40e945c-9eda-40c7-bd08-d65000017c97,micdpayne,1,,cant fax service constantly doesn't connect,20.1.0.5822,2026-01-15T12:38:54,us,Google Play,0
ed849d2e-de73-44a3-ab8b-17b7a37d832b,Alam Nassir Ruiz,1,,requiring an app to use your printer is not user friendly,,2026-01-15T10:44:45,us,Google Play,0
7a6b3afe-3f6f-42b1-9b0f-5b0ecceb5cbe,Vytasmm Mikis,5,,Good app recommend,20.2.0.6076,2026-01-15T10:36:40,us,Google Play,0
ce00c337-c124-458c-80f6-98762010f4b3,Miss Independent,1,,never buy an HP again. my printer never wants to print. still brand new after buying it two years ago. junk!!!,20.2.0.6076,2026-01-15T10:26:59,us,Google Play,0
9c279292-8e7d-4ff8-b346-7258501c2ba3,Stella B,1,,whole day spent trying to complete set up. absolutely pointless,20.2.0.6076,2026-01-15T10:19:32,us,Google Play,1
259dc5fe-4eaa-48e3-a9ef-cb60292d234b,Coach Mandela,5,,You don't want to miss this,20.2.0.6076,2026-01-15T08:24:20,us,Google Play,0
41295e29-1f25-4ddc-8791-fdb439cfe4d7,Paul Myers,4,,trouble adding new printer,20.2.0.6076,2026-01-15T08:15:42,us,Google Play,0
f38e42be-780d-4b1e-ac7e-d2f46f0ed2db,Anthony Laster,5,,Great,20.2.0.6076,2026-01-15T07:42:23,us,Google Play,0
dd6299e1-6c48-42d7-b16a-cef2c2ba8829,Josh Bell,5,,great job,20.2.0.6076,2026-01-15T06:13:03,us,Google Play,0
a7b51f05-94ec-4130-b272-972e2c708a3a,Jaron,5,,love it,20.2.0.6076,2026-01-15T04:49:53,us,Google Play,0
9e5abb56-4101-4fb5-8353-934d4f5f1dcc,terry mcshane,5,,can connect photo to printer,20.2.0.6076,2026-01-15T01:55:52,us,Google Play,0
a0e6c8ca-c5da-40ce-b9a1-9b34aaf0477e,Ryne Fuller,5,,Once you get it all synced up with the computer and phone. with the HP SMART APPLICAT ION. IT'S THE BEST PRINTER I HAVE EVER USED.,20.2.0.6076,2026-01-15T01:34:33,us,Google Play,0
962a341b-c8a1-4b02-b217-8444d191f53f,SUMiT GUPTA,5,,This new update is really good. App opening faster,20.2.0.6076,2026-01-14T23:18:50,us,Google Play,0
3ca94d9f-74d0-4979-a835-59ab9472881f,Sonia Rivera,1,,"can't send mobile fax, it constantly lingers",20.2.0.6076,2026-01-14T19:08:40,us,Google Play,1
bafc1b2a-b6bf-4fe2-980b-b2a2f844b029,Cameron Madden,1,,"Pathetic - Cannot connect to an OfficeJet Pro 8020 via the same wifi network. Tried many times on 2 mobiles (cell phones) and 1 tablet. I can connect to other brands of printer except HP. What happened? HP used to be good brand, but is useless now. Being objctive here. Fix this to prove me wrong and I will change my review immedately. HP Smart(?) cannot find a printer via the same network nor via jetdirect.",20.2.0.6076,2026-01-14T16:21:07,us,Google Play,0
43c330ac-dc03-4844-a57a-2fbfa458af11,Diane Knuckles,5,,I just received my 2nd printer utilizing the ink and new printer option. Hopefully this will work out for me!,20.2.0.6076,2026-01-14T13:35:05,us,Google Play,0
de1f0e0c-6452-46fd-8066-ac3e9c05c917,Jarek Stefaniak,1,,"Total garbage. Nothing seems to work, takes forever to set up new printer or do any tasks",20.2.0.6076,2026-01-14T12:06:02,us,Google Play,14
41891dd0-2a1d-4d28-8a91-9c53119db272,Alexander Keefe,1,,"printers don't work, app debugging and maintenance tools don't work. Utter trash",20.2.0.6076,2026-01-14T11:50:35,us,Google Play,1
a31170db-e02c-4cf9-b58f-a3b5f3d11665,Andreas Elf,1,,Unusable... Asks me to create an account to use the features.,20.2.0.6076,2026-01-14T11:10:08,us,Google Play,1
e6c0539a-6882-4fd6-91f8-82aa3cd61256,A. Moreno,2,,took ages to set up a while back. such a pain. Last used my printer 2 months ago. I can't even use it now after the update. Just will not connect. seriously had enough.,20.2.0.6076,2026-01-14T11:10:07,us,Google Play,1
b479fd40-dffb-4b24-a636-205123bca5ba,darek gadowski,1,,"first 30min use this app looks useless ,I'm try print picture change size fit to page its working much worse than I'm use previously Brothers app.Hp is much worse I uninstal it",20.2.0.6076,2026-01-14T09:17:43,us,Google Play,1
03ce6d1d-ecb6-4c50-9e6e-0124f55b0eba,Rind 0916,1,,There are too many problems with all HP printers. time to change brand...,20.2.0.6076,2026-01-14T08:22:44,us,Google Play,1
c1874e63-63fd-4e22-8bcd-bb2e7d3096b5,Michael Barber,2,,Why do I need to sign in to scan?,,2026-01-14T07:08:18,us,Google Play,1
e9c77cf7-5221-41c1-a669-0ee7f26e39b1,Mark Stevenson,1,,"No longer connects to my HP 4500. The printer is connected to the WiFi and prints no problem, even with remote printing. But the HP app can no longer find the printer. Error is obviously with the app since the last upgrade as the printer is working perfectly. Both app and printer are connected to the same WiFi as the app. Previously, the app was 5 stars. But as it's now non-functional, it's 1 star by default. Tried reinstalling the app, still nothing.",20.2.0.6076,2026-01-14T06:51:15,us,Google Play,1
273bf562-c1cb-4d30-ab0d-fdc4f026eb00,yong en you,1,,can't even sign in,20.2.0.6076,2026-01-14T05:50:44,us,Google Play,1
5276280a-31a3-4a29-87f4-e21e7fe8c506,Michael L,1,,garbage from hp,20.1.2.5988,2026-01-14T04:35:22,us,Google Play,1
8d8d69e1-d12e-4fc8-9b39-99c54868da18,Md Shaker,5,,This is very important app for all learners,,2026-01-14T04:07:44,us,Google Play,0
bc016fb6-07d8-45e4-92c5-752a031638b7,Faisal Shahzad,1,,always causing issue. wireless connection lost.,20.2.0.6076,2026-01-14T03:52:55,us,Google Play,1
4247cacb-8dfb-4578-9de4-67306093a6f6,B McK,1,,"it is just awful. why do I need an app to use my printer. every document has to be saved and converted to PDF, then open the app to select and view, I'm 5 minutes to print a returns label. I can understand the need for every feature for business customers, but I just want to print letter and homework. just have it link to WiFi like printers used to be.",20.2.0.6076,2026-01-14T01:05:56,us,Google Play,1
572f0f1e-6a12-45d4-a8b1-3823203a6e23,Harry Hemmings,1,,"probably the worst app and printer ever. the ink is such a scam because i got 305 and it wont even work with 308. also my printer wont recognise the paper or cartridges, youre better off buying a printer from anywhere but hp. infact buy an epson printer, you get enough ink for monthly use and its mostly cheap",20.2.0.6076,2026-01-14T01:03:25,us,Google Play,1
f240a937-fd80-4e35-bc8c-86c3397180ae,yoom surber,2,,i like the app better than the hp smart version. but it still can't do everything in app. still have to enroll subscription and change settings through web. currently it won't let my printer connect to wifi when choose add previous printer and I'm on subscription. such a waste of money and time.,20.2.0.6076,2026-01-13T23:22:16,us,Google Play,6
4b8e8c5b-a755-4792-bf19-fce5d3b4d977,Mahula,4,,Easy to use.,20.2.0.6076,2026-01-13T21:32:05,us,Google Play,0
97d21718-063f-4ffc-a800-a24ba308a408,Rahul Agarwal,2,,"The new app has the reliability of a Wi-Fi signal in an elevator. It randomly loses connection, and scanning through the document feeder is a fun game where the app quits after 4‚Äì5 pages while the scanner happily keeps going like nothing happened. The hardware is working, the app is not, and I‚Äôm left wondering which century this software was designed in. Would not recommend if you enjoy finishing tasks.",20.2.0.6076,2026-01-13T17:28:21,us,Google Play,0
dad7f0b7-6d89-481b-8382-737353884a45,vee winch,1,,require sign in for using FULL PURCHASED printer. garbage!!,,2026-01-13T16:18:41,us,Google Play,0
1a652fdb-ae66-4cc8-bbe8-5f922ea9a23c,Jo Helton,1,,"I've had this printer for most of the year and can't use it. It will not stay connected to my tablet nor can I get it to print copies. it's a useless paper weight. It can't connect with my pc, either, because it is wireless. I'm still paying for ink, although it has only printed 2 pages in 9 months.",20.2.0.6076,2026-01-13T15:57:47,us,Google Play,0
d946bac9-6dc5-429a-9413-8db76a2899c7,Deryck Gates,2,,"difficult to use, runs out of ink way too fast. needs constant updates and reinstalls more headache then it's worth",20.0.1.5732,2026-01-13T14:36:33,us,Google Play,0
46cc7f21-c697-42ae-97e8-cd223e6eae0d,David Temple,1,,Painful,,2026-01-13T13:50:18,us,Google Play,0
4fb47c9e-9102-4a78-9a06-b3889593b46b,Patricia Abraham,1,,can't fax üòû??? worked when I got the printer but now it's not doing what it's supposed to do..,20.2.0.6076,2026-01-13T11:24:15,us,Google Play,0
2e6d9d7e-a9f9-420d-bc55-c7756f638651,marios mario,5,,"Amazing, this user friendly HP does it all, enables an average office skill person like myself to scan, print, fax, copy, etc....",20.2.0.6076,2026-01-13T11:11:13,us,Google Play,0
57e00b8c-3a28-4bce-b15b-a998be151ad3,Sanju Saha,1,,facing very hard to connect and use.üò¢,20.2.0.6076,2026-01-13T10:42:27,us,Google Play,0
0ee6e854-6955-4ec9-a961-ced32da53664,None None,1,,"don't recommend. tried to add printer to new computer, it forced me to add to other stuff... not good",,2026-01-13T10:41:28,us,Google Play,0
610961b0-0b54-4206-b3de-b1b48752d06e,Frank Wouters,1,,"Useless app, it seems to difficult to align a picture. Or to connect to a printer. Or, if it finally works, remember a printer. Or to actually notice that it has paper....",20.2.0.6076,2026-01-13T09:49:17,us,Google Play,2
2535a8d8-f288-4118-9a83-ddb87d8ab8c6,Khurshid Bano,5,,very good and tungüêíüêíüêíüêí,,2026-01-13T08:07:11,us,Google Play,0
29314a44-5912-486b-b480-3f7025710c52,kappala muralidhar,5,,Nice,20.2.0.6076,2026-01-13T06:54:38,us,Google Play,0
75ba3e99-5018-4ca8-82bd-babc6bb68ec1,David Le,1,,"HP used to be really good, but now it's not. They still sell good printers and computers, but they only work well if you're lucky. Just keep praying for that miracle!",20.2.0.6076,2026-01-13T06:28:14,us,Google Play,0
b211ab37-e190-4191-8585-98531d20f462,Jonathan Stiles,1,,Literally unusable.,20.2.0.6076,2026-01-13T05:41:02,us,Google Play,0
0b38a01d-c87f-45f5-8ac8-daa119bf7d57,Bill Stone,5,,good,20.1.2.5988,2026-01-13T05:11:51,us,Google Play,0
0ddb910d-ad5d-444b-986a-f8b4f6718728,Rohit Bhalerao,5,,you are the best,20.2.0.6076,2026-01-13T05:11:04,us,Google Play,0
509b4d12-3b8e-44c5-9633-f0f2d67cfe71,JosieBill Stone,5,,Good,20.2.0.6076,2026-01-13T03:33:07,us,Google Play,0
fba75d80-f151-4276-90c8-2718083e3eb4,KATHY Stokes,5,,love this printer and I'm so glad I purchased it over the o s I was going to purchased at first.,20.2.0.6076,2026-01-13T01:14:11,us,Google Play,0
43084a84-982a-4b9d-98bb-b95e886d29b6,Ram 214,5,,good,20.2.0.6076,2026-01-13T00:54:18,us,Google Play,0
f49cf105-4441-4b2f-bc0a-f4fa52b4dfd9,Rammurthy Sundaram,5,,Good,20.2.0.6076,2026-01-12T20:44:56,us,Google Play,0
1d4e2c2b-dc32-4480-a2cc-d72b9021296c,Mike Scott,4,,smooth and easy,18.5.1.5470,2026-01-12T20:35:25,us,Google Play,0
c3bcaa6e-fe2f-4ef8-ac90-936b7360fef3,SidandLaura Gelfand,1,,it's just blank,20.2.0.6076,2026-01-12T20:29:34,us,Google Play,0
bb50a5a9-3465-4aeb-96b6-b350c81212ae,Jesse Rothman,1,,"Terrible user experience. New printer out of box will not work until you register the device, but in order to finish HP app needs to add printer (via Bluetooth). Printer plugged in via Ethernet + Wifi, but neither the computer or phone can 'find' it. Dead in the water.",20.2.0.6076,2026-01-12T17:45:59,us,Google Play,0
30b7d03f-2df4-4e18-8633-026d3b32575d,geofre,1,,Can't scan double-sided using the app.,20.2.0.6076,2026-01-12T17:34:40,us,Google Play,0
b892a0fc-1691-478b-b4b4-feceff0db82d,Judith Paradise- Alden,5,,good,,2026-01-12T14:47:39,us,Google Play,1
08136a7b-fedd-40a0-8994-27642e90f830,John Lawson Sr.,1,,Having issues with HP 6100 series not staying connected to wifi. As far as I'm concerned next printer will either be a Brother or a Cannon!,20.2.0.6076,2026-01-12T13:32:20,us,Google Play,0
4118043d-2b6f-44df-b9dd-4c644bff8abe,Olga D,1,,"HP printer never worked fine. Now with the new app it just doesn't connect. I cannot print anything, although it was connected before. 5 years of struggle with HP printers, I will finally buy a better alternative.",20.2.0.6076,2026-01-12T12:41:14,us,Google Play,2
b0efe5ff-b576-4218-b467-5a4d8c714337,vicky bleasdale,1,,"Had nothing but hassle with my Envy 6200 printer from 1st set up from new ( took around 5hrs to set up!) to now as ive changed BB provider. My printer atm is literally an ornament as it wont connect to my internet router! Ive done every step as the app tells you to no avail, ive done every troubleshoot step, ive been through the settings on my phone repeatedly & again its over 4hrs! Im paying for instant ink yet HP know im not connected to the internet! Absolutley rediculous!",20.2.0.6076,2026-01-12T12:30:38,us,Google Play,0
5222f837-0e98-46ca-996f-633abb8b70a4,Sam Moore,2,,not helpful!,20.2.0.6076,2026-01-12T12:05:06,us,Google Play,0
d5357a1b-f559-43f9-bd4f-d81ac1974acd,juanito galera,1,,needs to be connected to an account to use printer.,,2026-01-12T11:57:15,us,Google Play,0
fb6a3a6b-5045-420f-86a0-6ccebee7a05f,Martha Durbin,1,,not working,20.2.0.6076,2026-01-12T11:46:55,us,Google Play,0
6dff7e7f-f3da-422e-865f-7b9e60257e67,Hollywood Jemison,1,,"I have used HP printers for years without a single issue until now. This new model is a nightmare. The touchscreen is far too small and incredibly over-sensitive; every time I try to tap a setting, the screen jumps or selects the wrong option because there‚Äôs no room for your hand to steady itself. Worst of all, the Direct Wi-Fi setup is broken. It won't connect to my phone no matter what I try. I‚Äôve been at this for over 5 hours and it's still not working. This machine is currently a paperweight",,2026-01-12T11:37:26,us,Google Play,0
4259b77c-b5bd-4c0c-9a38-b5017395041e,Cihan G√ºler,1,,is not downloadable :),,2026-01-12T10:32:27,us,Google Play,0
dc3fb57f-dfee-4393-aebf-1a56ac0a5137,sanjay kumar,1,,money waste hp printer,,2026-01-12T10:26:43,us,Google Play,0
03876a7a-ab79-4dfb-b62a-d770b7324dd8,Sabrina Pitchford,1,,"has been an issue since updated version, can never connect my printer",,2026-01-12T08:49:49,us,Google Play,0
1cbd2d60-b7ca-405c-a0db-f842161e91c9,Imran Fateh,5,,good device so far,20.2.0.6076,2026-01-12T08:24:24,us,Google Play,0
1691eb51-23b9-4190-b555-7e9306b1441f,spud thedog,1,,"absolutely pathetic, every time I use it,it comes with hours of faffing about and trying to get the thing to work. I will never buy anything from you again and this is not the first time and I am not the only one who has these problems with your products",20.2.0.6076,2026-01-12T06:47:01,us,Google Play,0
f345a103-1984-43da-ba80-f8bdbfd4a5e9,A Google user,1,,unable to connect says printer expired,,2026-01-12T06:22:30,us,Google Play,0
67701894-b130-4c80-9363-f1d43a1005aa,Kumar Kishor,1,,missing the feature of instant image editing over A4 print surface before you print it ... that was cool feature allows to instant image album and easy to use missing on this update,,2026-01-12T04:24:43,us,Google Play,0
517bc108-f495-4ae8-b513-baa05c0f2360,Gabriel Manuli,1,,Doesn't find printers. Useless without an account to gather all your data,20.2.0.6076,2026-01-12T04:11:05,us,Google Play,0
de47d636-3a12-471c-b52e-a2c44339f327,gerhard Wiid,5,,good,20.2.0.6076,2026-01-12T01:59:32,us,Google Play,0
eb811a32-0778-4a81-9385-7c85e5f52709,my academy,5,,nice but this app was not opening,20.2.0.6076,2026-01-12T00:58:37,us,Google Play,0
781d52a3-48cf-44c5-a5cb-8b780eaeb39c,KTART TONWEIGHT,1,,horrible app,20.2.0.6076,2026-01-11T21:39:40,us,Google Play,0
c425949b-2e8a-4150-8ca6-aeabd48c416e,Dave Monson,5,,scanner feature pretty slick,20.2.0.6076,2026-01-11T19:37:30,us,Google Play,0
4f720e79-835f-4680-9ae2-5663ffa5ab32,Jessica Nothmann,1,,waste of time. so frustrating,20.2.0.6076,2026-01-11T17:17:28,us,Google Play,0
86d3bbe8-ab15-46d4-ba7b-88c611bc6e65,Ryan Williams,1,,hot garbage app. Last update ruined it,20.2.0.6076,2026-01-11T16:46:05,us,Google Play,0
6f440815-9682-40a1-be1d-eae7e9ae8396,Leyla,1,,very bad machine no control! I don't like the member ship to get ink!,20.2.0.6076,2026-01-11T16:11:17,us,Google Play,1
dbb15984-7343-48a8-a03c-80f6dda0d458,Anthony Casias,5,,Just the printer and options I needed! üëçüí™,20.2.0.6076,2026-01-11T14:54:11,us,Google Play,0
29d28cc7-6451-4747-b1df-d8b556d843f9,Steve Gentry,5,,HP FINALLY got this app back to where you can choose A6 paper to force Amazon return label photos to not print QR codes the size of a softball. And there's other much needed image adjustment tools. I am excited to finally get what this app should have been all along. NOW LEAVE IT ALONE!!!,,2026-01-11T13:12:58,us,Google Play,0
967b11c7-e743-45d7-bddd-a32e6f3a2714,Petru Ples,2,,Unstable for scanning. The app restarted (probably crashed) while I was scanning a document. I was able to scan 22/29 pages and then it restarted and lost all the scanned pages. Very very frustrating..,,2026-01-11T12:33:56,us,Google Play,2
59a05d2c-96cc-4732-8f32-9cf3d4942ea0,Marco Giulio Camurri,2,,"Buggy app. When trying to print one page in a multi-page PDF the app will always print the first page instead if whichever number has been written. For example, if I want page 5 only, neither writing 5 or 5-5 prints page 5, and the printer will print page 1. Also, the app has improved from its previous versions, but the printers are buggy, don't wake up when a job is sent, and the cleaning cycles take ages making them useless for quick jobs (officeJet).",20.2.0.6076,2026-01-11T12:12:52,us,Google Play,5
4981cfc7-1db5-4570-bd8b-e5e208d95ee6,Lee,1,,Violating! I HAVE COME TO HATE HP TECHNOLOGY! Service is horrible. You can NEVER get a US American Rep to talk to. I stopped buying HP products. They do not deserve or worthy of consumer purchases because of their poor patronage.,,2026-01-11T10:33:29,us,Google Play,1
22a70f6b-f8bd-4b23-b3af-2424f6be3003,Dennis Przekop,3,,"The app works great but faxing is completely dysfuntional, it does not work, there is no faxing with HP Smart period!",18.10.0.5530,2026-01-11T10:14:16,us,Google Play,0
92965498-054d-494b-abd3-1ea9ea418f65,Lorna Radke,5,,Seems to work üëç! Except how do I send this message?,20.2.0.6076,2026-01-11T10:07:20,us,Google Play,0
0bec2cd7-4432-4643-b960-942de88b2e1a,Iqbal Musharraf,5,,Scanner is very good,20.2.0.6076,2026-01-11T09:04:53,us,Google Play,0
18a9b073-cfe9-4dc6-b311-189ada6f73d7,Shrikrishna Charan Das,5,,nice app my usedit for my printer prints every thing nicely and mstt .,,2026-01-11T06:04:44,us,Google Play,0
185c9515-9239-4817-b65f-293feb7ff336,gagana h t,1,,the app dose not match my printer,20.2.0.6076,2026-01-11T05:59:33,us,Google Play,1
acc8a688-f5c4-4d7e-abf3-8c0e3f5dadf5,Chukishia Glasper,1,,"And here I thought I was the only person who hates this app I don't understand why HP has all this money but yet they can't create an app for or hp customers to print correctly with there printers ,this app sucks and it's really annoying.",,2026-01-11T05:29:25,us,Google Play,2
06f65afd-2938-457c-8f66-2d4b8d7a042f,M Semerad,1,,"Sadly useless. As soon as I opened it, the app told me to download a different app instead to get the thing I needed done done.",,2026-01-11T03:01:43,us,Google Play,1
aa1691d8-dff7-49be-9401-1f7ad7ac9df2,Mohammed Jawad,1,,horrible app,,2026-01-10T23:08:34,us,Google Play,1
07116adf-a32b-4f77-a43d-4612add47963,Robert B,5,,scan is good on this app,20.2.0.6076,2026-01-10T18:59:32,us,Google Play,0
aaa0380c-a4a3-4cac-9b1c-bdd50fddc2d9,Ryan Meade,1,,"absolutely trash, such a pain to even get this thing set up. ONLY option to setup is wifi and refuses to connect, ill never buy another hp device.",20.2.0.6076,2026-01-10T15:35:18,us,Google Play,2
7e008168-72a7-4e52-9220-b80f3e301efd,miquela danvers,1,,This has done nothing but bad for a while I could print stuff perfectly and smoothly but then all of a sudden my printer isn't connected when on the printer itself it shows full barsand when I could print from Microsoft word I can't do that because my printer is unavailable and even i go on the app its3lf to print a photo it takes forever to retrieve the paper size I haven't seen the day where it successfully retrieved the paper size I unistalled the app nothing changed.,20.2.0.6076,2026-01-10T09:02:12,us,Google Play,2
49b50e2e-f983-4aa1-83a5-ecff7a02d3c4,Sandra Pedley,3,,Printer looses connection every time I want to use it and takes a lot of time to get back working.,20.2.0.6076,2026-01-10T06:17:09,us,Google Play,1
c7c74fd7-3220-4687-9fac-f2d15973accd,Riyad Mohsen,5,,nice app .. easy to use perfect,20.2.0.6076,2026-01-10T06:16:15,us,Google Play,0
933bcc78-55a3-487a-aff2-3d9e6794d5d8,Prithvi Pansare,1,,"I could use the scan option of the printer while I connect via wifi, but the new update/UI says not connected to the printer, despite being connected.",20.2.0.6076,2026-01-09T22:37:02,us,Google Play,1
d5bef328-68cd-457d-9634-973d5d80d78d,Nathalie Allen,2,,why do I have to pay for a subscription üò´ and I haven't even used my printer üôÉ yet? I've only set it up,,2026-01-09T19:57:31,us,Google Play,1
11388879-1d88-44a3-962d-4eec5263b854,Teresa Diane Nix,5,,love HP,20.2.0.6076,2026-01-09T16:59:14,us,Google Play,0
1834aea9-a988-43a1-bf2d-16f601b7d2d1,Don Damon,1,,Doesn't help me with the troubleshooting. printer is always offline or just will not print,20.2.0.6076,2026-01-09T15:13:32,us,Google Play,1
d78f6829-22a7-41fc-bbb1-9a68885fa1af,mark Ashwell,5,,great app,20.2.0.6076,2026-01-09T15:03:06,us,Google Play,0
82517773-dcf2-430c-b180-c1a6244a38e4,Elliott Fleming,5,,HP printers are the best hands down,,2026-01-09T13:02:47,us,Google Play,0
88eb054f-9adb-43ba-bb02-fa46b6b47c35,Tracy Martin,1,,horrible. come on hp it's 2026,20.2.0.6076,2026-01-09T11:20:17,us,Google Play,1
ff605c67-3716-436a-ae07-b4bc68a6211c,Panda Bruh,1,,shouldn't have to download an app to use a printer.,,2026-01-09T11:07:28,us,Google Play,2
4e1e700a-46ab-4f32-9c09-4f3e8255b550,Ameer,1,,"it suppose to be FREE, when you buy a printer...!!!!!!",,2026-01-09T10:53:39,us,Google Play,1
26678b39-edf2-4fbc-86f7-f3d03a6768da,Sanjay Karsan,1,,"No idea how to delete a printer. I mostly use this app to help setup my clients printers but I also have my own home printer setup on the app. No idea how Instant Ink works. Seems like a generic HP Account is insufficient, need to go through too many links/sites before anything can be done!",20.2.0.6076,2026-01-09T10:15:08,us,Google Play,2
6e93e324-9933-41da-bc51-e374c6d403ac,Joshua Dever,4,,decently put together ez printer link n very helpful on toner,20.2.0.6076,2026-01-09T10:10:33,us,Google Play,0
856c1157-842b-4619-b99c-a2ee414a26a7,Rolando Ramirez,3,,lagging hard,20.2.0.6076,2026-01-09T08:29:24,us,Google Play,0
a9703344-e9e9-437d-88f0-e71a8c0eb3ec,Gooby 2025 ‚ÄúHram tram‚Äù Magic,5,,thanks you I can print a underwater ocean,20.2.0.6076,2026-01-09T07:14:18,us,Google Play,0
4c76bca3-f342-4211-aad8-ef219877902c,Gemma Gibbard,1,,Useless,20.2.0.6076,2026-01-09T06:07:55,us,Google Play,1
64b0e9e4-2c1d-4435-9a87-b32fe0379e2c,Rachel Nevada,1,,Slowest app I've ever used.,20.1.2.5988,2026-01-09T05:23:39,us,Google Play,0
6fadc5d9-d096-4074-9cbf-c9c96d9d04e2,Graham Endersbee,5,,excellent,20.2.0.6076,2026-01-09T04:43:09,us,Google Play,0
5d8f7c58-3ae1-4369-9efd-77a52b106f7c,Panchavarnam,1,,"not working worst app, dont time waste, worst worst",20.2.0.6076,2026-01-09T04:18:46,us,Google Play,0
075e7053-a969-44c6-8ddd-6199f018a3dc,Gabriel Aiyanyor,5,,Great app! Easy and versatile to use.,20.2.0.6076,2026-01-09T03:36:59,us,Google Play,0
688e0587-9d35-498e-add4-729809ab158a,SL Limay 6,1,,not working,,2026-01-09T01:26:13,us,Google Play,0
009ceedc-cfc5-4d5b-ab1b-cb7bf2b3b466,Matthew Allan,1,,easy made hard by red tape,20.0.0.5655,2026-01-08T23:39:41,us,Google Play,0
1d78105a-c0de-4861-9c37-2b4576bd2af8,Amelia Ehrens,1,,can't connect the printer I just bought. returning.,,2026-01-08T18:18:52,us,Google Play,1
87d28d0b-7a8a-4715-883b-48c7340e8c29,AJ Arroliga,1,,when you go through the setup for the printer and you try to active HP+ you click continue it just stays on the following page asking you activate then nothing happens. I do want the HP+ but it wont move forward to finish the setup,20.2.0.6076,2026-01-08T17:27:38,us,Google Play,0
c28b47d7-efe5-4748-9814-42f2bc4610c0,Cathleen Serio,2,,Why is my tablet not compatible with this app anymore. I need to scan things. very upsetting.,,2026-01-08T16:39:07,us,Google Play,0
286b88b4-789b-440f-9115-abc5a2921e9b,Drew Guitar,1,,"Almost every option takes me to a ""processing"" screen that never processes. Ridiculous from a company as large as HP. Cannot even set up the printer I just bought. Stay away from this brand.",20.2.0.6076,2026-01-08T14:01:05,us,Google Play,0
fe8027a7-c237-4577-9059-3320ac9b87cf,Raleigh Cockerill,1,,there should be a button on the printer instead of hp malware on my phone,20.2.0.6076,2026-01-08T13:23:31,us,Google Play,0
d2518adb-9ebb-4b7c-a776-c5c44961dac5,Chris Hockley,1,,was fine and now cannot log in,20.2.0.6076,2026-01-08T12:00:58,us,Google Play,0
4956a363-f597-4922-9451-3f3e1a872597,Mark Dairy,5,,it was great adding a new üñ® printer,20.2.0.6076,2026-01-08T11:49:58,us,Google Play,0
b880b370-c249-455d-a024-dc2a5f21563c,al elliott,1,,probably the most useless printer I have ever owned. frequently won't connect and just refuses to print,20.2.0.6076,2026-01-08T11:27:40,us,Google Play,0
1ad00eaa-549f-4753-9aca-808efb7af59b,Sanford Himubali,5,,great!,20.2.0.6076,2026-01-08T09:51:36,us,Google Play,0
501770e9-70a2-40f3-9fcf-b36444a762b1,unique ‚ÄúUnique interiors solution‚Äù interior,1,,third class,,2026-01-08T09:24:28,us,Google Play,0
a88a7561-5c66-4a15-8500-a272a68f5e70,Shelley Beran,5,,"I have always enjoyed HP Smart, and now I am excited to continue with HP now that it automatically updated!",20.2.0.6076,2026-01-08T08:56:24,us,Google Play,0
d035c5c8-a8b9-477b-9cc5-2a60d1a2ced0,M Phillips,1,,"Does not go to my devices at all! I just received the new printer this morning, and having no success in registering the serial number. It keeps asking for a valid number other than the S/N that is printed on the box, on the back of the printer, or inside the two front doors. I am very discouraged with this purchase from HP!",20.2.0.6076,2026-01-08T08:36:35,us,Google Play,1
5de01209-f7d5-4569-b71f-dc9127b9de73,Michael Massey,1,,Not compatible on my devices? hp laptop and Android tablet,18.10.0.5530,2026-01-08T07:39:50,us,Google Play,0
1b3d2fe3-bc52-4779-a7c5-5ab9bdf7aa87,Ray Fisher,1,,Constantly locks up. Currently unusable.,20.2.0.6076,2026-01-08T06:28:21,us,Google Play,0
0f4b82cf-f5d5-4041-95ac-59eba531a1b8,Kacey Hyslop,3,,yes the printer is amazing the app is good. but don't even think about missing a payment or asking for help. if u sick or having family problems. they told me they didn't care. my family have been fighting covid since xmas. and i was only paid less then 200 bucks on check well tried to pay the 25 i missed last month n well apparently i missed another month i didn't realize cuz well the printer was working anyways. it took 2 25 doller payments. i ask if i could get 1 of those 25 back they ssid no,,2026-01-08T06:27:05,us,Google Play,0
7b80acce-6c80-483d-9904-16a26df5dde8,Andy Rennie,1,,"This app is a piece of .... literally Totally incompetent, unusable- printing ANYTHING takes hours as this app has 1. a bug that closes the app. 2. Fails to recognise your printer when its just identified on the previous page!. 3. doesnt work on wifi or etharnet cable when its CLEARLY CONNECTED. Absolutely Horrible HP you should be ashamed of this piece trash and the plug in. neither of them work! Will be moving to another printer and spreading the word. Disgusting!",20.2.0.6076,2026-01-08T06:19:42,us,Google Play,2
4ed0780e-9baa-431a-9ff7-c7fbe08b90de,Chris Pillinger,1,,didn't help,20.2.0.6076,2026-01-08T06:18:38,us,Google Play,0
c95ed78d-5026-4208-8b25-1adf70a5e3c8,Remmoho Projects,5,,I am happy with the app,,2026-01-08T06:01:21,us,Google Play,0
57d25328-02b6-4812-bff0-91f56e52bb8e,Divya Deepak,1,,the app opens but it's very difficult to connect to the printer,,2026-01-08T04:20:39,us,Google Play,0
f10ae5fb-1041-4194-8fe0-4b42b4a74da3,Riz lone,5,,it works fine for me üôÇ,20.2.0.6076,2026-01-08T04:17:32,us,Google Play,0
fd625ba0-5e16-4fb5-9428-cfd6a1a19c7b,Tanu Sharma,2,,I bought printer so I have to install this app. I think HP do not have UI/UX team.,20.2.0.6076,2026-01-07T23:05:26,us,Google Play,0
e9dc92b8-15d6-4e03-b0fc-0e466c38cd2a,Ron Force,1,,nothing works right on android 15 trying to get it to load so I can get the link replaced is a nightmare. it just doesn't load at all,20.2.0.6076,2026-01-07T21:03:38,us,Google Play,0
96250ed1-a87f-4b53-895b-4be2887e859a,Eddy Gilley,1,,"New Cell, New App, New Problem This app worked great for years. On 18 DEC 25 I changed cell phones from Samsung Note 10+ to Samsung S25 Ultra. Within 24 hours I tried printing. No Joy. The app looked different from what I remembered. I first tried printing a PDF but other than finding my printer, nothing worked. I had not Wiped old Cell, it had the older version and it printed same PDF. Now, on 07 JAN 26, I've cleared cache uninstalled/reinstalled app, tried printing. No Joy. Semper Fi",20.2.0.6076,2026-01-07T17:43:02,us,Google Play,1
365ff1a3-14e3-43ea-aa2b-a905b8726338,Debra Muma,1,,sucks,,2026-01-07T17:29:31,us,Google Play,0
f9e41f4b-52a2-4822-bbbf-67e0ef9adb22,Ralph Monestime,5,,"Love it, it's not perfect but I'm always satisfied with HP products.",20.2.0.6076,2026-01-07T14:32:35,us,Google Play,0
64e2edb7-8ec5-465e-a7a4-7e4dde12f2e5,said nunez,1,,"I'm on a HP Chromebook and i need to connect my HP printer so this app's not working!!! also, I went to an HP printer app and they sent me here!!! plus, i'm commenting because this app doesn't work!!!",,2026-01-07T13:40:20,us,Google Play,0
f095efe4-c5be-4241-88e8-ce70d5f45535,MARYJO HUFF,1,,it will not connect?,20.2.0.6076,2026-01-07T11:54:02,us,Google Play,0
c17a8649-d820-4af1-a507-500efed13d01,Jason Luther,1,,WARNING!!! DO NOT BUY HP PRINTERS!!! After buying my HP Smart Tank 7600 printer; HP requires you to get a monthly or yearly subscription to use their product! -Like it doesn't cost enough for paper and ink... I'll NEVER buy an HP product EVER again!!!!!!,20.2.0.6076,2026-01-07T11:22:30,us,Google Play,0
a8cda775-3ce7-41b3-aaad-8fea54b0a7a4,Winona Davis,3,,The app is a little slow,20.2.0.6076,2026-01-07T11:02:47,us,Google Play,0
34afd2d1-3232-4fe7-bd36-869093afd955,Tim Edden,3,,Why does the landing page take so long to load? I do like the mobile Fax feature. that is really cool.,20.2.0.6076,2026-01-07T10:31:13,us,Google Play,0
d6913d7e-dca1-463c-b4bf-390f4c182901,Best Tune,3,,"Am Anfang hatte ich Schwierigkeiten mit der Internetverbindung, Aber nach einpaar Stunden gelang es mir, Das G√§rt zum Laufen zu bringen und der App zu installieren. Seitdem bin zufrieden. Nun funktioniert gut üëç und essay .",18.5.1.5470,2026-01-07T10:20:07,us,Google Play,0
a11d1c47-8220-4b31-9afa-859e5213a84d,Howie,1,,does not connect,20.2.0.6076,2026-01-07T09:47:55,us,Google Play,0
2a4f28fc-b644-4828-ab87-33dfb70bf234,JESSE SIMMONS,5,,Useful tool,20.2.0.6076,2026-01-07T09:08:05,us,Google Play,0
e3fedd26-85ca-4724-bb35-6bdfaf9098c3,Kevin Senior,1,,didn't let me use password I had just created stuck on a page in a loop of back and forth really annoying,20.2.0.6076,2026-01-07T06:05:27,us,Google Play,0
3aae495f-f368-42e7-9f9e-c1ffad147c66,Bala Sparrow,5,,nice,20.2.0.6076,2026-01-07T05:25:04,us,Google Play,0
22afdcae-e1c3-4cd5-b0de-22b2045f10ec,Sija Pratheeshgr,3,,"good and greatüòä, some time not working",20.2.0.6076,2026-01-07T04:52:08,us,Google Play,0
5967d811-fce9-4b8a-93e0-f41a096d08d6,Samirr Ghosh,5,,nice üëç,20.2.0.6076,2026-01-07T04:33:01,us,Google Play,0
55a34f0a-63f5-4b6e-afb8-3fffa4d79674,Marco Mongrut,5,,easy install,,2026-01-07T02:48:52,us,Google Play,0
f2a5e075-0083-48b0-a98d-aefccb4bbe05,Janice Laird,1,,can't print with out subscription to ink paper delivery .,,2026-01-07T00:49:01,us,Google Play,0
ffcfe011-58e7-4ef3-936a-782a3886893e,Melissa Avedian,3,,not a fan of the app. I also have a fear of the phone and software apps are supposed to help me and my current heath conditions.,20.2.0.6076,2026-01-06T21:24:28,us,Google Play,0
2fb73c01-4f96-45a0-bbc1-86306d5f7468,Suzanne Blatnik,1,,I used to be able to print from my phone before this update. If this is progress I may have to get a new printer and not hp.,20.2.0.6076,2026-01-06T19:45:30,us,Google Play,0
9b1ca051-6fc8-49b0-b61c-d55c9a5305b5,Ken Moran,5,,"great option for scanning, easy and reliable",20.2.0.6076,2026-01-06T19:40:28,us,Google Play,2
64dc0d38-14ae-4c09-a382-b811c38198d9,W,5,,good,20.1.2.5988,2026-01-06T19:02:25,us,Google Play,0
a79d0622-b8af-48b7-8a1b-1c9084c6964b,Nicki Moschopoulos,2,,cannot get it to scan from second device (added user),18.10.0.5530,2026-01-06T18:26:15,us,Google Play,0
bce78f5f-1e55-4d05-a59b-3fab69f09a6f,meruem san,1,,glitchy,20.2.0.6076,2026-01-06T17:43:05,us,Google Play,0
9a860e63-28c5-4936-bb08-6d6dbe299ae5,Tim Sanders,1,,Tim tryin to set up printer,20.2.0.6076,2026-01-06T17:37:14,us,Google Play,0
01f598ad-be24-424c-8aeb-a852d8b8008e,Akshayamathi M,1,,the app is so flawed. do devs not even test before releasing a version? not able to print. as the page keeps leading to print preview. very disappointing. and hp printers for god's sake can't be connected with normal wifi connection. this is ridiculous,20.2.0.6076,2026-01-06T12:48:27,us,Google Play,0
0ec9cffc-f101-474a-8d5d-5a922672b460,Jose A. Castro Berg,5,,Helpful,20.2.0.6076,2026-01-06T12:38:00,us,Google Play,0
8d26fe08-e958-4f27-8610-505e08e44989,Raul Zelaya,1,,Almost 3 hours and still unable to connect,,2026-01-06T11:40:57,us,Google Play,0
4fc7105b-a02c-4c8e-8340-40b809e99e28,Joe Daugherty,5,,üëç good. we like what we see.we love it........,20.2.0.6076,2026-01-06T11:33:09,us,Google Play,0
3bd77d20-46e1-44fc-9790-dde9991e287c,Linda J,1,,didn't seem easy,20.2.0.6076,2026-01-06T10:58:42,us,Google Play,0
f4c629f6-c6a3-47b0-a918-9497787784cf,Barbara A. Welsh,5,,Works well. No problems. Thanks!,20.2.0.6076,2026-01-06T08:47:59,us,Google Play,0
b50e0dc3-0b44-4e8b-95b2-da9a53aa37f3,Laraine Robinson,1,,can't figure wifi between phone and printer,20.2.0.6076,2026-01-06T07:46:37,us,Google Play,0
ff563db0-2aad-40ae-83c2-c5bf2c62d6e5,Alan Dixon,1,,TRIED TO SET UP ON SAMSUNG PHONE WITH APP. WILLNOT COMPLETE SETUP BECAUSE WHAT I AM SUPPOSED TO READ AND AGREE ILL NOT TOTALLY DISPLAY ON PHONE PAGE,20.2.0.6076,2026-01-06T06:50:48,us,Google Play,0
e0478f89-1836-4c28-8147-ec2c7ef56c5e,0_ 0,1,,HP never again!!! I bought a printer a few years ago and since that time it has always been a headache using it. I see them update the app but I can reconnect to different wifi network using the app anymore. I regret buying this garbage every day!,20.2.0.6076,2026-01-06T05:10:02,us,Google Play,0
cc67187b-b79f-4229-ba9e-c6813208391e,gary fieldhouse,1,,cannot rotate to have portrait,20.2.0.6076,2026-01-06T03:11:08,us,Google Play,0
2d0859bd-b4a4-46fd-ba08-c3c3c62b55ae,Ashraf Nawaz,5,,Great app for quick prints,20.2.0.6076,2026-01-06T00:17:32,us,Google Play,0
9e5a1038-9254-48fd-b671-75454d31d932,Michael Iroko,5,,very easy to install,20.2.0.6076,2026-01-05T23:03:52,us,Google Play,0
85f650a1-0286-45c3-b6a5-cc3d40ddc121,Trent W,2,,"4 star for printing functions, negative 50 for instant ink **DO NOT SIGN UP FOR INSTANT INK** yeah it's in the fine print but omg what a rip off, so I cancel after noticing how much I was getting gouged and now I have to replace my ""instant ink"" cartridge with a new one from the store to print on MY printer cos they remote disabled it. HP printer going straight in the GARBAGE",20.1.2.5988,2026-01-05T21:03:07,us,Google Play,0
61f689d4-5492-4027-8343-e6ee130d2ad5,Deep Pandya,1,,The app seems intentionally designed badly. It compells user to sign in or to scan the documents!,20.2.0.6076,2026-01-05T20:39:46,us,Google Play,0
1d33de3a-efc9-49f4-9725-b3ee75654279,TillaithasanDass Dass,5,,open,20.2.0.6076,2026-01-05T19:09:23,us,Google Play,0
8fbdc254-251d-4bc1-837a-348836d06589,Azza Ahmed,1,,MY PRINTER that I paid good money is not allowing me to print Important document because it says that there is a problem with my HP acount and because of that I lost a job never buy HP not to mention having to wait for a CSR for 2hrs,20.2.0.6076,2026-01-05T16:18:40,us,Google Play,0
1c5cd761-ec61-44d3-aa76-fe2897ec53a6,bret battaglia,1,,"no support, was promised a cpu in a week, it's taking a month, not sure if they'll even fulfill the order cause no one will respond. will never buy HP again, urge others not to do so..Between HP and FedEx worst purchase situation ever.",20.2.0.6076,2026-01-05T15:41:40,us,Google Play,0
2be08943-22d2-4087-9dee-61760b7a70cb,C,1,,"horrible app. horrible printers DO NOT BUY, THEY'RE JUNK",20.2.0.6076,2026-01-05T15:39:40,us,Google Play,0
6361641e-a938-45da-a192-6253e9d34a92,Abby Solis,3,,"was 5 stars but now only prints half the time, even though for my computer it has no problems",18.10.0.5530,2026-01-05T15:39:37,us,Google Play,0
814d3a6e-ff84-4ac0-8d33-8064a1152a13,curtis muzzleman,5,,perfect,20.2.0.6076,2026-01-05T15:26:19,us,Google Play,0
f0e9652f-9297-4c8a-88ca-27a88adbe48d,Chase Smith,1,,"slow, constantly disconnects. hp printers, apps and software have been a struggle for years. I will never buy another hp product",16.15.1.4410,2026-01-05T12:17:57,us,Google Play,0
1413b295-0e5f-44f7-a21b-3993766c9f20,Thomas E. Harvey,2,,don't like having to pay to use a printer that I paid for,20.2.0.6076,2026-01-05T11:55:20,us,Google Play,0
03832822-c3b4-42b7-8053-e1d46e81995c,Li0niii,2,,"when i tried to connect my LaserJet Pro MFP M28w to the internet using my Samsung S25 Ultra, it didnt work, the network list to connect the printer to was blank. But when i used my Apple iPad Pro M1, it worked flawlessly. Fix this on android/samsung devices because if i did not have my Apple device, my printer would NOT have been connected.",20.2.0.6076,2026-01-05T11:45:17,us,Google Play,0
9fbdbfb6-025a-4543-812a-eb47da44f4a1,Dexter,5,,"Easy, no problems.",20.2.0.6076,2026-01-05T11:31:12,us,Google Play,0
eeaa0f76-260e-4170-a453-4372e535e49c,M H,3,,"Buggy setup. Tells me I have connectivity issues but still identifies my printer! Also, how do you change the password if you can't recall the old one?",20.2.0.6076,2026-01-05T10:14:06,us,Google Play,0
69cc2f90-09ad-45a2-ac63-aa7abf16d981,Vince Watson,1,,Display said h p is setting up printer for over two days,20.2.0.6076,2026-01-05T09:42:03,us,Google Play,0
12229e85-f5e1-42d1-b5cf-a51b10c28c9f,Taren Kai,1,,keeps endlessly asking for pin,20.2.0.6076,2026-01-05T08:28:39,us,Google Play,0
28bb9710-4e50-482f-ac75-cf04fd7c91ff,Bernard Broomfield,1,,This app is available only for your other devices.,20.2.0.6076,2026-01-05T08:06:43,us,Google Play,0
636dde2a-742a-4685-aef5-c19e2c695688,Micky s,1,,you get 12 months use out of these hp printers and they're ready for the tip !,20.2.0.6076,2026-01-05T04:44:16,us,Google Play,0
2eab1eed-d732-43ba-b41e-7e081168796f,Paul Bartlett,4,,"Good functionality if slow on occasion and not the smoothest workflows. So room for improvement of those User Stories, development team.",20.2.0.6076,2026-01-05T04:38:44,us,Google Play,0
648e3766-8bbf-40eb-a7bb-f6e4172175ac,adolphe bujiginya,1,,I don't know why my printer is offline.,20.2.0.6076,2026-01-04T22:51:23,us,Google Play,0
b765a10c-f017-430a-bc4d-4f9fad528d28,Haya Nile,1,,I used my printer twice and it stopped working. It's impossible to reach someone for help.,20.2.0.6076,2026-01-04T19:27:57,us,Google Play,0
89fa21ce-d600-4716-8f98-d8a571cae1b0,Corina Holmes,1,,it's Printer is garbage,20.2.0.6076,2026-01-04T18:02:44,us,Google Play,0
cb5d19bc-fb2a-4de3-8429-1b595aa0db4c,levaun .R,2,,"Confusing, slow and 0 clear instructions. This left me sitting in my chair frustrated and hell trying to figure out how to set up my printer after my wifi was changed. and the website doesn't help either, you're better off watching a tutorial that is not from the official HP channel.",,2026-01-04T14:51:33,us,Google Play,0
7bd24871-ed71-4076-ab65-2d8fb08053ae,JgL,1,,Chromebook says HP app is not compatible and will not install it.,,2026-01-04T13:54:00,us,Google Play,0
2341190a-5c5a-4059-99fe-8fd1bab15005,Rosie,1,,"hate this app, HP is run by creeps who don't care about anything other than money. I'm never getting an HP printer again",,2026-01-04T12:54:09,us,Google Play,0
c775a591-0225-4aca-97a5-cc0d2faf3e7e,Alastair McGrath,3,,"Inconsistent. This latest update to the app has brought in inconsistencies that are frustrating. The first job sent will more than likely not print or fail mid way through the print - wastes my paper, ink and time. Perhaps time to use another manufacturer.",20.2.0.6076,2026-01-04T12:53:51,us,Google Play,1
24518295-67ff-47c5-adcd-30c71180a383,Christine Warywoski,1,,"My Hp laserjet constantly stops working. I get ""not connected "" every time i go to print, yet you can read my computer just fine for billing. It is connected and I want to be able to use it. I have called tech support too many times. Never HP printer again! Unable to print also applies to my computer. Same rating although 0 star is better.",20.2.0.6076,2026-01-04T12:35:38,us,Google Play,25
648901bb-090a-4be3-81dd-8e40af28e8ab,yeah bro nah,1,,you have to setup an account and it doesn't work,20.2.0.6076,2026-01-04T12:09:19,us,Google Play,0
5dce6c51-fd8e-40d3-9709-77e05b69c4ad,Sylvain LAVAZAIS,1,,"bad as hell, doesn't allow you to scan without an account... and doesn't even work! what a joke!",20.2.0.6076,2026-01-04T11:21:15,us,Google Play,0
4a799cae-0ba6-44fb-b0a8-bea23b39dcc5,Dennis Przekop,1,,"horrible, does not work",20.2.0.6076,2026-01-04T10:55:38,us,Google Play,0
5e9f5960-a536-426b-87fa-e305f1cfcfa4,MohamadMahdi Kachooee,1,,it was better before this update,20.2.0.6076,2026-01-04T10:34:15,us,Google Play,0
84a9c957-0347-4869-929b-79f17b54c393,Siddharth Singh,5,,good app,20.2.0.6076,2026-01-04T09:10:43,us,Google Play,0
1ff78e57-deb3-423d-a468-836b8c292f85,Uba Obiaruko OPIE NDEM,5,,This is one of the best HP Scanners I've ever seen. Indeed it's gr8.,20.2.0.6076,2026-01-04T08:46:59,us,Google Play,0
66120327-4d92-418d-ab5d-c6267858c479,Shahina Shaik,1,,not good,20.2.0.6076,2026-01-04T08:28:00,us,Google Play,0
e9bc3685-a7af-4d78-9b9a-0b852f9fe14b,Thangavelu Kumar,5,,scanner is very useful,20.2.0.6076,2026-01-04T06:19:29,us,Google Play,0
7a0fb735-c419-4e78-8080-bfd260c0cdaa,John Wick,1,,Never works properly. ALWAYS PRINTER UNAVAILABLE.,20.2.0.6076,2026-01-04T05:23:46,us,Google Play,0
9ff33280-f8d9-40fb-858a-b7d70148e26b,Divy Upadhyay,1,,"very bad , I'm not able to connect my printer",,2026-01-03T23:54:12,us,Google Play,0
c297d1ee-bd48-4ecb-a1ad-fb54d69d7095,Andrea P,1,,doesn't work at all with android phone. can't even discover it,20.2.0.6076,2026-01-03T21:26:40,us,Google Play,0
4f0b59b3-5b66-47e0-9395-a36fafc1eaf1,Donna Newton,5,,it's ok üëç,20.2.0.6076,2026-01-03T20:56:21,us,Google Play,0
81035b6b-7aa9-4c4b-a459-36f33cbc3e1d,S. Haggerty,5,,"This app is so easy to use, I love it! No frustrations here. :D",20.2.0.6076,2026-01-03T20:38:55,us,Google Play,0
1ef0d8ed-7f53-4c7d-8768-a41469d0f074,Steven Rucker,1,,As others stated. Will not print. What good is a printer that doesn't print? HP has become an atrocious business. Shame on them.,20.2.0.6076,2026-01-03T18:26:45,us,Google Play,0
1b8bfac1-5855-4ef8-a0f9-4ed363fb3068,Joshua R,5,,The new update is great and has a bunch of awesome new features for editing documents and pictures! I use it all the time and it made printing and copying stuff for my baby shower so simple and easy. üëåüòä,20.2.0.6076,2026-01-03T12:53:55,us,Google Play,0
110f4f48-a452-4cc9-944f-afca7472b7ef,Michael Hoover,1,,"I used to be able to scan using my HP Chromebook. Now I have to use the app on my phone. Please, please make this available for use my Chromebook.",20.2.0.6076,2026-01-03T11:41:17,us,Google Play,1
da45f728-ac57-49d2-8d1b-67eb1032f531,Mohamed Ahmed,5,,very good,,2026-01-03T10:42:10,us,Google Play,0
40a2f83f-b0c3-4eeb-adcf-69388246dc66,Anna Marie,1,,terrible experience. no customer support. app crashes all the time. something as simple as connecting a printer takes 3 hours.,20.2.0.6076,2026-01-03T09:58:46,us,Google Play,1
113c3281-21d8-4809-b249-bbeb99482b54,Camilo Tigre,1,,It's doesn't work well.,20.2.0.6076,2026-01-03T08:51:18,us,Google Play,1
67658470-cea3-474f-a693-3669899e178e,‡∏ß‡∏¥‡∏ä‡∏ä‡∏≤‡∏Å‡∏£ ‡∏£‡∏∏‡πà‡∏á‡πÄ‡∏£‡∏∑‡∏≠‡∏á‡∏ß‡∏±‡∏í‡∏ô‡πÇ‡∏ä‡∏ï‡∏¥,1,,"Poor performance and user unfriendly design. App offers little modification you can make to your printing, i.e. print only odd/even pages. App cannot even be opened in offline mode, which is the case when you use wifi direct to your smart printer. HP only pushes users to migrate to this app just to force pdf printing as a live service and to collect user's data. Bad experience overall. edit: Just came back bi-annually or so to just trashs on this abominable excuse of a service.",20.2.0.6076,2026-01-03T03:53:02,us,Google Play,7
e5af33a9-6a5a-4b91-ac6a-d2ef313e28e2,Rob McGlone,1,,awful,20.2.0.6076,2026-01-03T02:28:24,us,Google Play,1
e1518880-af22-4da2-9850-227fa36a1947,Sileshi Eranso,5,,ùíîùíéùíÇùíìùíï,,2026-01-03T01:49:21,us,Google Play,0
a638468d-887c-4239-88d8-bf0ada04e128,Jorge Nava-Marin,2,,"Reliability is bad. I had to print a few dozen photos for my child's birthday, and for a week and a half I have to wait because of a connection issue with a cartridge. the new cartridge arrives and it's the same issue. I unsubscribe with their monthly plan, and it magically works. Their troubleshooting guide was a loop of trouble shooting tips and then a link to order new cartridge, to then be asked to try the troubleshooting again.",20.0.1.5732,2026-01-03T01:21:14,us,Google Play,7
f5ab9997-cf3f-477b-b430-f3c06b748164,Davemcd123,1,,"Quite bad,first sometime it just suddenly stop printing when there is more that is needed to print and don't try to say ""oH yOU ACcidentally prEsSed tHE fILe pAGES tO sTOp f0r A cERtain AmoUNT""no I did not,also it just stacks printing orders for no reason,I lost so much paper because of your useless designs :/ smh",20.2.0.6076,2026-01-02T20:28:43,us,Google Play,3
668535a2-fb39-4f75-bd0d-5e8e969bdd88,BUDDHSEN SAHU,5,,ok,,2026-01-02T19:50:46,us,Google Play,0
ce1393c8-67bb-4802-b366-3743f6285b62,Stephanie Maloney,1,,"Every few days, it loses connection to my wifi router, and requires an unbelievable amount of jumping through flaming hoops to reconnect, only to have to repeat again and again. The app is not intuitive and not helpful. Circles of go-here-do-that instructions that achieve nothing other than keeping me busy while time goes by.",20.2.0.6076,2026-01-02T15:16:53,us,Google Play,7
31049cb2-2509-4699-8bda-baf428eca79b,James Steelman,1,,Does not work correctly for Pixel 10 pro fold. I can print from the phone but I am unable to log on to the app. the log in screen has an imaginary button to continue after successfully entering the password.,20.2.0.6076,2026-01-02T13:41:00,us,Google Play,1
6bd802fe-52d1-4167-a3d7-2f5a372ddfa7,Richard Chongnee,1,,worst experience ever I will never purchase another HP product ever!!,12.0.2.4056,2026-01-02T12:28:54,us,Google Play,1
c874d8de-0b57-4f9f-b8af-efb79d666e6d,Clayretha A erna,5,,this is my o ly printer,20.2.0.6076,2026-01-02T11:38:12,us,Google Play,0
8b468b66-8055-4e0e-aa06-1c8def5e1e87,Christina Cameron,1,,"Why is there no actual specific tab that helps you connect your printer to the internet.... always going through hoops or calling.... need a tab to where we can disconnect and connect the internet when needed. well, It's 2026 and this app is still ridiculous. why is something so simple, so difficult to do?",20.2.0.6076,2026-01-02T11:36:33,us,Google Play,1
e57a0272-c9df-4fd4-b5c0-4c7aa01a038e,Shoukin C Hawelikar,1,,low grade app... unable to detect the hp printer,20.2.0.6076,2026-01-02T10:25:28,us,Google Play,1
8c84fea3-de0c-4289-a73c-41a1f2f77266,Greg L.,2,,unecessarily complicated. frustrating to use.,20.2.0.6076,2026-01-02T10:10:38,us,Google Play,1
af928525-b887-446d-ac61-c18476386b1b,sharma bhagwandas,1,,üëé,20.2.0.6076,2026-01-02T09:24:24,us,Google Play,1
f6733c94-9509-41c7-bd71-975f4e640f0f,iBully Yard,1,,"Complete trash . simply put you cannot use any other scale when printing other than fit to page or fill page, what a waiste for that alone no need to look at at a anything further",,2026-01-02T09:11:06,us,Google Play,1
97ca956e-5ac5-410b-8c35-3bdd9cd73734,Robert Burchard,1,,picks up wrong printer from my Galaxy 22 +,,2026-01-02T08:26:05,us,Google Play,1
9a997bba-a762-4e17-b3bc-8f1d847f495a,Rachele Burgess,1,,"Not user friendly, constantly giving me issues. It auto adjust copies instead of just copying the image. I do NOT recommend.",20.2.0.6076,2026-01-02T08:11:31,us,Google Play,1
daec8dbd-c0e8-4fc9-9ad5-3614b2287c11,Yolanda Clark,1,,my printer still not communicating. It say ready but won't print.,20.2.0.6076,2026-01-02T05:35:05,us,Google Play,1
b28f7025-100e-4961-9dc3-030cf4e633d0,Hilary Reynolds,1,,"I am having the same problems.I had a No Paper message on my HP 3632, which I did not respond to immediately. A while later I went to print on it and it kept flagging up on my chomebook ""that it was not connected to printer"" (it has worked perfectly until now), I have spent 3 days and have tried every possible route with no success. I use my printer daily, so it not working is a huge problem. I have tried to install HP apps but they would not install completely.",18.10.0.5530,2026-01-02T05:32:32,us,Google Play,0
6696c62f-043d-462f-bcbd-51dc6952eee6,Martin Weiand,1,,"The plug-in from HP used to be great. This app now is terrible. it only works with an account, the app is overloaded with ads to buy everything HP. A good example of how commerce kills something great.",,2026-01-02T01:49:21,us,Google Play,1
2c8db0c0-5de9-45d3-b4d3-81dfb0d5dcff,Seeta Kasturirangan,1,,"Won't let me type in the password. Deleted & reinstalled. Still not working. Useless app! Also, am not able to access the dashboard unless I go through the HP Print Service Plug-in! Very strange. Have to get off HP. I'm just waiting for my printer to conk out.",20.2.0.6076,2026-01-01T22:38:40,us,Google Play,2
348b9b66-224b-4b2c-bfec-314a171db4d8,David rakas,1,,won't connect to Bluetooth but if I use the smart HP app it connects instantly for a monthly fee,20.2.0.6076,2026-01-01T19:36:00,us,Google Play,1
a2fa833e-ea64-404f-b480-4a38520ecd7a,Dan Mp,1,,not easy to use. always disconnected,16.5.1.4270,2026-01-01T18:39:33,us,Google Play,2
8327972e-ab10-4cb0-8dc6-20dba7e64ba6,ron nabors,1,,Installation sucks. Never got past that. This will be my last HP printer.,17.30.1.5049,2026-01-01T16:47:45,us,Google Play,0
b09b431a-e7a8-4ebb-bf87-eef42c649e92,bill k,1,,app designed to sell user stupid ....... they don't want or need,20.2.0.6076,2026-01-01T14:09:11,us,Google Play,1
ba79b7e1-4b88-467c-9bbd-952a04de0f3a,Betty Haden,3,,not working,,2026-01-01T10:56:11,us,Google Play,0
442b7b37-597a-47ce-83fd-c0229dd3aa63,Richard Husbands,1,,"The worst, most frustrating app and dishonest marketing I've ever experienced HP 2800e printer plastered all over it is a three month free ink trial. The small print states what is currently advertised on the box, in the box and on Amazon is meaningless."" If we want to lie and move the goal posts we can, and you can just suck it"" is a 100% reasonable, accurate translation of their legalise. The app is horrible on Android. The most adverts I've ever been been ever been bombarded Shameful.",20.2.0.6076,2026-01-01T09:57:01,us,Google Play,1
8adff4b6-be9a-4ab0-b746-6b600ddec80e,yvette golden,2,,It prompted for payment to use some features,20.2.0.6076,2026-01-01T09:11:38,us,Google Play,0
39234be0-f1b9-48aa-ac2b-ad2ff7cf3bf8,George Key,1,,"will not let me log into my account, it just spins",20.2.0.6076,2025-12-31T15:22:15,us,Google Play,1
5b81b876-df33-4bab-9fbe-e50b769b8a74,Yeray,1,,"took 20min to be able to print something from the moment I installed the app. So many steps to print a single page. It also REQUIRES you to create an account giving away your data (name, surname, and email) to HP to be able to print something. I'm going to return my printer. Why do I have to create an account to use my own printer? What's next. Will I have to create an account to get into my house, or give my data away to use my car? Why do we let companies get away with this?",,2025-12-31T14:44:36,us,Google Play,1
b94b0fa4-5d56-4567-815a-a24956834f98,Stephanie Battle,1,,very difficult to add printer,20.2.0.6076,2025-12-31T13:35:35,us,Google Play,0
1aeb8dc8-3828-4971-bb34-a4d508aacccd,josiane morgenstern,1,,Multiple interface failures. a Failed to communicate multiple times during setup. Does not allow scrolling on some pages required for setup. Complete garbage.,20.2.0.6076,2025-12-31T13:15:48,us,Google Play,1
a835f463-f311-4eff-947f-0afed57cee7e,matthew mendat,1,,can't get hooked up with this printer,20.2.0.6076,2025-12-31T12:14:26,us,Google Play,0
7f71eab4-fdb7-4000-8a2a-fcb46afeff18,terry dixon,1,,rubbish,,2025-12-31T11:03:53,us,Google Play,0
72c76391-a67c-4a99-8122-9852dbcd72a5,Praveen Nair,1,,"Try printing a 10cms x15cms picture with ease on a A4 paper in Hp Smart Tank printer, if not ease, frustration is guaranteed. HP please grow up. This is year 2026, it won't take ages for a company to go extinct",20.2.0.6076,2025-12-31T10:08:28,us,Google Play,0
d427c63b-4ab1-49ce-925a-9fd2f96791e6,christopher pritchard,5,,Can't do anything with this app unless you create an account.,20.2.0.6076,2025-12-31T07:59:52,us,Google Play,0
87a7d9be-a425-4263-b33f-fb6d5245d892,Dumisani Ndlovu,5,,I had great experience,18.10.0.5530,2025-12-31T07:29:21,us,Google Play,0
7d4371c9-785f-4b23-868c-36a8e97926d1,Kiki Fi,1,,When trying to complete the printer setup it asks about HP+. When trying to agree to the terms the app doesn't allow me to complete the process. I can't get to the button to approve. I cannot scroll down to see it. Do better HP.,20.2.0.6076,2025-12-31T05:08:12,us,Google Play,0
0d04973b-0ee6-4a2d-8888-41fea2a6d0af,Maria Bermudez,1,,"HP Keep Doing EVERYTHING Wrong! The app is trash, the Direct Connect doesn't work, I have Instant Ink and the cartridges just stop working whenever (even though I am still subscribed) like seriously?! I have a printer that doesn't work because the bugs on the app keep messing it all up! (yes I can print from computers) but whats the point of all of this ""technology"" if you can't do it right?!",20.2.0.6076,2025-12-30T23:17:06,us,Google Play,30
5eb469c1-17a6-4496-9579-70df7ae16364,Vinay Gera,2,,very slow and unstable.,20.2.0.6076,2025-12-30T21:44:00,us,Google Play,0
80872170-a2ed-42cc-a333-cc0a28cf5845,tammie Goodley,1,,losing the ability to print from my chromebook and tablet,20.2.0.6076,2025-12-30T21:23:15,us,Google Play,0
ed260529-ddc7-41ba-83a5-595d1e5b7a5b,Geobern Frett,4,,Easy to use. Compatible.,20.2.0.6076,2025-12-30T16:52:09,us,Google Play,0
9c0ea517-11ba-4f06-84e4-acceb4787e17,Jeff Greenert,1,,"don't know what HP did to destroy this app but they did. Old version knew and sent documents to my printer. this version found my printer but inconsistently displayed, or didn't display, image to print, tried to send document to printer but never went through. of course, though, it wanted to sell me more ink. Ultimately deleted app and just used WiFi PrintShare.",20.1.2.5988,2025-12-30T16:34:37,us,Google Play,2
e81b6ed9-89d9-4e69-a271-0b82913a75cf,DAVID,4,,set up with new android A16 is not connected but I am certain i will get it connected maybe with the help of technical support.,20.2.0.6076,2025-12-30T14:13:35,us,Google Play,0
9dd4ae96-6f26-49b9-9a6d-9cc2abce846f,Kimberly Lightner,1,,"Going on two weeks now , printer doesn't work , won't print",20.2.0.6076,2025-12-30T10:38:24,us,Google Play,1
a7c54bb5-0a1d-4c8f-a28f-4da635af034b,Sergii Golub,1,,needs account to be able to scan docs,20.2.0.6076,2025-12-30T10:31:21,us,Google Play,0
8c018c66-7b2b-417c-8f5e-3dbbd2795895,Kiara Jefferson,1,,you need none of my personal information for me to print a document off of a device I've owned for over a decade,20.2.0.6076,2025-12-30T10:20:00,us,Google Play,1
d58f0a33-c491-4fdc-922f-295d8413a3e4,Anishka,1,,not working properly i need the previous update back please,20.0.1.5732,2025-12-30T04:35:19,us,Google Play,0
e9f5c807-4a95-4a6e-a390-4a7c99c7d7e0,Neha Goyal,3,,3 because it's sometimes take time sometime it's very quick n it need to get little developed also,,2025-12-29T19:41:10,us,Google Play,0
813555a5-3fe1-40a2-8889-daccbb498837,Ignacio Camacho,1,,"Wdym ""sign in to print documents""? I already paid for the printer, didn't I?",9.7.1.3820,2025-12-29T15:55:09,us,Google Play,12
4ea2d67a-d336-4924-8a40-9a638b0b0f69,Cindy Holkup,1,,"prints my photos but not documents, says printer offline yet shows it is online. Messed with this 5 1/2 hours and still wont work. Even called in for help.",20.2.0.6076,2025-12-29T13:38:39,us,Google Play,0
c4f86b28-42e4-4299-a1a2-fee3266b48c3,Mohammad Ahmad,1,,stupid app ü§®,20.2.0.6076,2025-12-29T11:58:04,us,Google Play,1
eb64d9d8-64b8-4799-80b4-12d1e548fff1,Crystal Morales,2,,never works for me and i feel its bit controlling when it comes to my print,20.1.2.5988,2025-12-29T11:18:15,us,Google Play,1
2ea15c40-db94-4662-a0d6-36f6e54ae310,Michael Struppa (Townie Mike),1,,"Current UX: Tap login ‚Üí authenticate ‚Üí ‚ôªÔ∏è return to login ‚Üí question life choices. Phone-to-printer connection is completely broken. Infinite login loop regardless of troubleshooting steps. Please fix, or I‚Äôll be replacing this printer with literally anything that believes me when I log in.",20.2.0.6076,2025-12-29T08:47:29,us,Google Play,0
c897168d-9a47-4393-9b2e-531b59e54099,Jesse Short,1,,Ok for most features. The printer itself uses a lot of ink and has some quirks that seem like a heartless money grab. updated my review to 1 star as the app hides the printer ink number behind too many clicks. why is this information buried?,20.2.0.6076,2025-12-29T08:14:02,us,Google Play,1
3b3c4773-9e24-4006-98bc-c36ed7fdc9b0,PORSCHA MARIE,1,,Always having to reset..,20.2.0.6076,2025-12-29T07:28:12,us,Google Play,0
446c1592-377b-44a7-928c-77294ce85101,Leon Hay,1,,it works sometimes.,,2025-12-29T07:21:03,us,Google Play,0
667fd559-aac8-47a6-879e-0cf838893e4d,Sharon Carroll-Yamaguchi,5,,"After my other printer died, I Received an hp envy 7400 series printer from hp. This hp printer is great & easy to use. Does everything I need. Printing Review. enlarge & reduce,Enhance etc, all in a neat little size. 5 stars to hp & the hp representative who was very knowledgeable. üåüüåüüåüüåüüåü üåüüåüüåüüåüüåü",20.2.0.6076,2025-12-29T06:11:32,us,Google Play,0
01a727cd-d6b9-460e-a37d-a3dfcf330a52,Sanjay Bhatt,5,,Awesome üíØüòé,20.2.0.6076,2025-12-28T21:05:02,us,Google Play,0
e2d9ac6f-c42b-46bd-ba7e-512be0435d04,cory james,1,,The fact that i'm taking time out of my day to write about how trash this app is speaks for itself. Its garbage. unnecessary garbage,20.2.0.6076,2025-12-28T16:39:46,us,Google Play,0
d5980fcd-ee8a-468a-9905-9beb6224f3c7,Nancy,1,,"Absolutely hate it !!! Totally worthless. Got this and the printer plug in. In attempting to finish getting the software, it goes to a page that says by installing HP+ , you agree to... blah, blah blah. The page just stays there and goes nowhere and installation is incomplete. Just horrible.",20.2.0.6076,2025-12-28T16:16:08,us,Google Play,1
479e8704-4d0c-47c8-b83c-7e3f5b6bc65f,J M,1,,"My printer, which currently prints wonderfully from other devices, will not print through this app. I get an error that ""tray is open or empty."" I have spent an hour troubleshooting. I have done everything recommended by hp online support and still can not clear the annoying gatekeeping error. This app and HP is not worth the wasted time, 1 star.",20.2.0.6076,2025-12-28T16:00:35,us,Google Play,1
6e9b26ba-e8c8-4d2b-9fd2-24a0b3461ef8,Stephen Huggins,1,,slow to send emails,20.2.0.6076,2025-12-28T11:33:16,us,Google Play,0
941df125-74ba-42a1-af92-d98cf2977151,Stephan Koning,4,,"Weird that I have to use a windows or Mac computers if I want better scan results (apparently the max DPI on scanning is capped when I use this app) another weird this is gps location way on earth does a printer need that haha. Other than that, quite a good app",20.2.0.6076,2025-12-28T09:00:07,us,Google Play,0
1c9710ad-f8c3-471a-9603-8c5b503d3846,Jennifer Gonzales,1,,hp holds u hostage,,2025-12-28T08:00:02,us,Google Play,0
312f7da7-6cdb-4688-85d3-0794dc4e57ab,Ghanshyam yadav,5,,good,20.2.0.6076,2025-12-28T05:39:37,us,Google Play,0
ee201607-d9d1-41a6-a146-00cdfacaf38d,A Google user,1,,wenn sie einfach nur machen w√ºrde es man vom ihr erwarte...,20.2.0.6076,2025-12-28T00:35:54,us,Google Play,0
e8cdebde-1a1a-4ad1-acf6-b6695c4ebd91,Sherin Abdelmassih,1,,"Very poor technical support üò¢ printer made by them doesn't have compatible with my tablet 1 year old, can't print it wish if I got brother printer instead the LaserJet M130",20.2.0.6076,2025-12-27T20:06:15,us,Google Play,1
8855eed8-4c39-464e-b922-776eff4f41e4,free mann,1,,WOW!!!! You should explain that before you purchase this printer and try to connect with the app.....the initial setup will require a HOME wifi !!!! Mobile hotspot on your mobile device and your regular mobile data service are not compatible for initial setup...SO HOTSPOT INTERNET AND YOUR MOBILE PHONE CANNOT BE ACCESSED SIMULTANEOUSLY....basically your phone won't connect to it's own wifi hotspot so that printer and device setup will not work... turn on wifi hotspot automatically goes off.,,2025-12-27T19:22:51,us,Google Play,0
15b0e48e-f27d-4d4e-846a-b94f39478774,Ken Johnson,1,,Terrible app for a major company. Almost impossible to use.,20.2.0.6076,2025-12-27T19:06:20,us,Google Play,0
d3a0e884-a79d-4852-a962-483ee9700e2d,Kevin McLeaster,3,,"HP Smart was better. I have to launch the HP app and wake up the printer manually to print. Otherwise, it can take between 30min and never to print.",20.2.0.6076,2025-12-27T18:34:09,us,Google Play,0
6efd1374-5109-45e0-a9b5-17bcd7fdcfd0,Jim Dufresne,3,,"after dec 2025 update, app no longer works. cannot print. finds printer but says printer not available. arggggg UPDATE: you need to re-add your printer (that is already there..but ok) before this works again",20.2.0.6076,2025-12-27T16:41:55,us,Google Play,1
8a6b4fad-4846-4c01-bb62-22c683e65ed0,Joseph Etroo-Mensah,3,,it's okay,20.2.0.6076,2025-12-27T14:52:33,us,Google Play,0
9e32540b-d6a8-4289-9d01-1bac621e7891,Lisa Knapman,1,,HP is too intense and does print half the time,,2025-12-27T13:43:28,us,Google Play,0
b155bd2c-d81c-4c85-a0e2-1bdbd2d3af2b,Sh'y DƒÅ'nƒ´≈ç,1,,I hate every update. They seem to LOVE making PRINTING harder with every change. Would give zero stars.,20.2.0.6076,2025-12-27T12:59:37,us,Google Play,0
6ed14770-cc77-45d4-8923-95e521d69516,CloudintheCoffee,4,,"I'd like to see that you can format documents just like photos in the app, like resizing, etc. For example, by tapping on the image.",20.2.0.6076,2025-12-27T12:05:04,us,Google Play,1
437ac740-194c-40ad-9dfa-af36699f13d7,R Barad,4,,good,20.2.0.6076,2025-12-27T07:41:51,us,Google Play,0
9696250b-b690-4790-a6e5-0d7d5d47921e,SAS SaS,1,,useless update printer not responding.,20.1.2.5988,2025-12-27T05:20:24,us,Google Play,0
f9692d46-1458-4ec1-b50c-d63e42df7def,morne marx,1,,"I am in a hurry. need to print a page urgently. everything is online and it just wont print. I opened the program on my pc, went to print the document from the hp smart program and it still is not printing. poor quality sofftware. this is not the first issue that I have had with hp products.",20.2.0.6076,2025-12-27T05:00:47,us,Google Play,1
bad52331-3841-410d-8dc4-7f7a600f241e,Sylvia McMahon,1,,I don't think it can be much worse,20.2.0.6076,2025-12-26T18:59:48,us,Google Play,0
d1424556-7690-4013-8e01-3e1eb9902e4d,Shane Sullivan,1,,it won't even let you download it,,2025-12-26T17:25:36,us,Google Play,0
5870da33-e0f1-4663-9c0b-844747639a34,jody steinkopf,1,,doesn't print,20.2.0.6076,2025-12-26T16:26:17,us,Google Play,0
ddf2cd10-38b8-4d41-b4f8-1c778bd1ae35,Joe D,1,,My HP All In One Printer won't connect.,20.2.0.6076,2025-12-26T09:50:20,us,Google Play,0
7faa005a-f132-4b0d-87ee-255db1948149,Michael Gosselin,1,,App update removes critical functions. The biggest issue is that you can no longer select double sided printing. I am using my Brother printer which has never required an app to work. HP also aggressively pushes creating an account for no benefit.,20.2.0.6076,2025-12-26T09:14:34,us,Google Play,0
30a72dc6-5b76-4653-811e-609e3cb3c04f,premlata Roshan,4,,good app,20.2.0.6076,2025-12-26T07:42:29,us,Google Play,0
c9fff3c3-2403-43d6-a055-315f4763d723,Joan Crowther,1,,Not compatible with chromebook,20.2.0.6076,2025-12-26T07:17:58,us,Google Play,0
39b28b3d-7ee3-42f8-b3d5-9e7d0a1fb5ed,PRAVEEN PANDEY,1,,this app is very slow and annoying,20.2.0.6076,2025-12-26T06:33:52,us,Google Play,0
39a6ec59-0763-4140-9470-2c2fce241162,Peter Williams,4,,"can you make it easier when resizing photos as it is hard to land on correct size, also to multiprint them when finished",20.1.2.5988,2025-12-26T00:17:04,us,Google Play,0
65fee7ba-de39-4e7b-9797-0965e0ef6b9c,Varun Jhawar,1,,print problem and scan,20.2.0.6076,2025-12-25T23:14:57,us,Google Play,0
f15e6835-4dd5-4bc1-a9f8-08edfe037bc1,Nim H,1,,"I don't want to ""create an account"" or login just to be able to use the app.",20.2.0.6076,2025-12-25T21:51:52,us,Google Play,0
a41c1007-1562-4ea9-950a-20e086a5f538,Mr. Ayan Khan,4,,"dear hp team, kindly add also id card scan features, like id front and back at same page or paper for best print and also size adjustment feature , which size I have to get print on paper.",20.2.0.6076,2025-12-25T20:37:20,us,Google Play,0
1df428e6-9658-4e6f-a4e5-2076e51d03fa,April S,5,,Easy to use interface with the printer it came with. I'm very pleased with the capabilities of this home-sized printer.,18.10.0.5530,2025-12-25T12:20:41,us,Google Play,0
519d1163-6509-4830-839a-58fedb27035d,kashif Hassan,1,,very bad,20.2.0.6076,2025-12-25T10:40:57,us,Google Play,0
ee0d19a6-8a33-4912-ac09-ea7c5a5f9297,Joan Campbell,2,,Having trouble since the new app. Can't print a pdf directly from Adobe Acrobat on my Android phone. Also had trouble printing from my laptop until I re-logged into my account. Then it magically worked again. it seems very glitchy.,20.2.0.6076,2025-12-25T09:03:53,us,Google Play,0
543e2435-1966-491d-8d21-396998e971bf,fadlie R,5,,very very good faster,20.2.0.6076,2025-12-25T04:09:27,us,Google Play,0
6108604b-a499-4e78-b188-502d86978940,Darren Crocock,5,,"New interface looks good and works well. This was a long time overdue! I'd say HP lost many a page due to the older useless apps. Suggest been able to make the printer tabs selection smaller or larger based on personal preferences, I'll go smaller. Good job HP! üòÉ",20.2.0.6076,2025-12-25T01:10:39,us,Google Play,28
9585adde-eb39-4672-b026-796265d05ed7,Mansukhlal Patel,5,,excellent but not working,20.2.0.6076,2025-12-25T00:50:27,us,Google Play,0
cd62d1de-f8ba-4dfe-bf57-dde6aa7205e3,shelby ketterman,1,,"I cant use my printer now , I use my computer to print off sewing patterns and since the app is no longer compatibal with my computer I cant use my freaking printer",20.1.0.5822,2025-12-24T22:18:43,us,Google Play,4
c20c8363-9af8-4eb1-a8ef-819078139454,Deondre Eddie Jones,1,,I got my printer today but it's saying it's incomplete when I already set it up already,20.2.0.6076,2025-12-24T18:37:11,us,Google Play,0
a3fa2f9e-cd7c-4e6e-8225-105faf6f7146,Gabriella Herhoff,1,,"Stupid, not registering printer, then not even possible to delete account. ü§¢",20.2.0.6076,2025-12-24T18:22:20,us,Google Play,0
f8b25ffd-0475-4f21-aa3c-58a7d1309d3c,Neil Skinner,1,,"my canon printer packed up and had to buy a new one. Purchased hp deskjet 4220e because the reviews looked good (whish I didn't). When I scanned for my printer, it couldn't find it, so I tried to enter it manually and it didn't recognise my model number. absolutely useless",20.2.0.6076,2025-12-24T17:55:58,us,Google Play,1
945889e6-a3af-4852-bf2e-4893fd23e49b,Fabio,1,,Cannot even open the app... It says something went wrong...,20.2.0.6076,2025-12-24T17:17:05,us,Google Play,0
477f9358-040e-4930-bd39-2fca698524f0,Brian Oconnell,1,,"Trying to print a photo it shows ""waiting"" with no explanation.",20.2.0.6076,2025-12-24T14:57:22,us,Google Play,0
67ed8a61-9290-44f4-adf3-4a60942fc2b2,Brian Hurst,1,,Absolute trash. - Bad design ... can't find anything. - Constant connection issues. - No support available except a useless chat bot that doesn't ask enough questions ... just provided random suggestions that don't help.,20.2.0.6076,2025-12-24T11:45:30,us,Google Play,1
21b8c189-48d7-4d1d-8ae7-7f66b555eb52,Ronnie Z,4,,pretty easy to install,20.2.0.6076,2025-12-24T11:30:47,us,Google Play,0
b102cca5-e4aa-4f41-9aa7-ba316eddf9b8,Robert Kajer,1,,"A sad replacement for simple and functional printers, and a reminder that smart devices were a mistake.",20.2.0.6076,2025-12-24T11:02:55,us,Google Play,0
e5f406a1-93b7-4864-b50a-087b9281d93c,Vl Ma,1,,bad functionality and service. It disregarded print range and randomly prints what it wants. traditionally poor HP customer service.,20.2.0.6076,2025-12-24T07:33:01,us,Google Play,0
66079d16-000a-410a-994d-e3b1e0a75899,Tammy Isley,2,,I am having a bad üòû time trying to pay my bill,20.2.0.6076,2025-12-24T01:07:35,us,Google Play,0
0da81975-d896-4fdc-9813-6ce50f8cc6dd,Leticia Gonzalez,1,,never been able to connect can't find printer,14.0.1.4091,2025-12-23T19:50:45,us,Google Play,0
25365432-1ccb-4391-81ee-11647cb68db1,David Castro,4,,Good,20.2.0.6076,2025-12-23T18:20:55,us,Google Play,0
84ed95b4-5d84-433e-8e86-afcc98c3ffa2,Gajab Facts,1,,your app is always asking for subscription. Epson never does that,20.2.0.6076,2025-12-23T17:44:11,us,Google Play,0
